Tabla Normalizada Codigos ,,,
CODIGO,Codigo TAXONOMICO,Taxonomia,id_amenaza
1,CS1,T1,E1
2,CS2,T2,E2
3,CS3,T3,E3
4,CS4,T4,E4
5,CS5,T5,E5
6,CS6,T6,E6
7,CS7,T7,E7
8,CS8,T8,E8
9,CS9,T9,E9
10,CS10,T10,E10
11,CS11,T11,E11
12,CS12,T12,E12
13,CS13,T13,E13
14,CS14,T14,E14
15,CS15,T15,E15
16,CS16,T16,E16
17,CS17,T17,E17
18,CS18,T18,E18
19,CS19,T19,E19
20,CS20,T20,E20
21,CS21,T21,E21
22,CS22,T22,E22
23,CS23,T23,E23
24,CS24,T24,E24
25,CS25,T25,E25
26,CS26,T26,E26
27,CS27,T27,E27
28,CS28,T28,E28
29,CS29,T29,E29
30,CS30,T30,E30
31,CS31,T31,E31
32,CS32,T32,E32
33,CS33,T33,E33
34,CS34,T34,E34
35,CS35,T35,E35
36,CS36,T36,E36
37,CS37,T37,E37
38,CS38,T38,E38
39,CS39,T39,E39
40,CS40,T40,E40
41,CS41,T41,E41
42,CS42,T42,E42
43,CS43,T43,E43
44,CS44,T44,E44
45,CS45,T45,E45
46,CS46,T46,E46
47,CS47,T47,E47
48,CS48,T48,E48
49,CS49,T49,E49
50,CS50,T50,E50
51,CS51,T51,E51
52,CS52,T52,E52
53,CS53,T53,E53
54,CS54,T54,E54
55,CS55,T55,E55
56,CS56,T56,E56
57,CS57,T57,E57
58,CS58,T58,E58
59,CS59,T59,E59
60,CS60,T60,E60
61,CS61,T61,E61
62,CS62,T62,E62
63,CS63,T63,E63
64,CS64,T64,E64
65,CS65,T65,E65
66,CS66,T66,E66
67,CS67,T67,E67
68,CS68,T68,E68
69,CS69,T69,E69
70,CS70,T70,E70
71,CS71,T71,E71
72,CS72,T72,E72
73,CS73,T73,E73
74,CS74,T74,E74
75,CS75,T75,E75
76,CS76,T76,E76
77,CS77,T77,E77
78,CS78,T78,E78
79,CS79,T79,E79
80,CS80,T80,E80
81,CS81,T81,E81
82,CS82,T82,E82
83,CS83,T83,E83
84,CS84,T84,E84
85,CS85,T85,E85
86,CS86,T86,E86
87,CS87,T87,E87
88,CS88,T88,E88
89,CS89,T89,E89
90,CS90,T90,E90
91,CS91,T91,E91
92,CS92,T92,E92
93,CS93,T93,E93
94,CS94,T94,E94
95,CS95,T95,E95
96,CS96,T96,E96
97,CS97,T97,E97
98,CS98,T98,E98
99,CS99,T99,E99
100,CS100,T100,E100
101,CS101,T101,E101
102,CS102,T102,E102
103,CS103,T103,E103
104,CS104,T104,E104
105,CS105,T105,E105
106,CS106,T106,E106
107,CS107,T107,E107
108,CS108,T108,E108
109,CS109,T109,E109
110,CS110,T110,E110
111,CS111,T111,E111
112,CS112,T112,E112
113,CS113,T113,E113
114,CS114,T114,E114
115,CS115,T115,E115
116,CS116,T116,E116
117,CS117,T117,E117
118,CS118,T118,E118
119,CS119,T119,E119
120,CS120,T120,E120
121,CS121,T121,E121
122,CS122,T122,E122
123,CS123,T123,E123
124,CS124,T124,E124
125,CS125,T125,E125
126,CS126,T126,E126
127,CS127,T127,E127
128,CS128,T128,E128
129,CS129,T129,E129
130,CS130,T130,E130
131,CS131,T131,E131
132,CS132,T132,E132
133,CS133,T133,E133
134,CS134,T134,E134
135,CS135,T135,E135
136,CS136,T136,E136
137,CS137,T137,E137
138,CS138,T138,E138
139,CS139,T139,E139
140,CS140,T140,E140
141,CS141,T141,E141
142,CS142,T142,E142
143,CS143,T143,E143
144,CS144,T144,E144
145,CS145,T145,E145
146,CS146,T146,E146
147,CS147,T147,E147
148,CS148,T148,E148
149,CS149,T149,E149
150,CS150,T150,E150
151,CS151,T151,E151
152,CS152,T152,E152
153,CS153,T153,E153
154,CS154,T154,E154
155,CS155,T155,E155
156,CS156,T156,E156
157,CS157,T157,E157
158,CS158,T158,E158
159,CS159,T159,E159
160,CS160,T160,E160
161,CS161,T161,E161
162,CS162,T162,E162
163,CS163,T163,E163
164,CS164,T164,E164
165,CS165,T165,E165
166,CS166,T166,E166
167,CS167,T167,E167
168,CS168,T168,E168
169,CS169,T169,E169
170,CS170,T170,E170
171,CS171,T171,E171
172,CS172,T172,E172
173,CS173,T173,E173
174,CS174,T174,E174
175,CS175,T175,E175
176,CS176,T176,E176
177,CS177,T177,E177
178,CS178,T178,E178
179,CS179,T179,E179
180,CS180,T180,E180
181,CS181,T181,E181
182,CS182,T182,E182
183,CS183,T183,E183
184,CS184,T184,E184
185,CS185,T185,E185
186,CS186,T186,E186
187,CS187,T187,E187
188,CS188,T188,E188
189,CS189,T189,E189
190,CS190,T190,E190
191,CS191,T191,E191
192,CS192,T192,E192
193,CS193,T193,E193
194,CS194,T194,E194
195,CS195,T195,E195
196,CS196,T196,E196
197,CS197,T197,E197
198,CS198,T198,E198
199,CS199,T199,E199
200,CS200,T200,E200
201,CS201,T201,E201
202,CS202,T202,E202
203,CS203,T203,E203
204,CS204,T204,E204
205,CS205,T205,E205
206,CS206,T206,E206
207,CS207,T207,E207
208,CS208,T208,E208
209,CS209,T209,E209
210,CS210,T210,E210
211,CS211,T211,E211
212,CS212,T212,E212
213,CS213,T213,E213
214,CS214,T214,E214
215,CS215,T215,E215
216,CS216,T216,E216
217,CS217,T217,E217
218,CS218,T218,E218
219,CS219,T219,E219
220,CS220,T220,E220
221,CS221,T221,E221
222,CS222,T222,E222
223,CS223,T223,E223
224,CS224,T224,E224
225,CS225,T225,E225
226,CS226,T226,E226
227,CS227,T227,E227
228,CS228,T228,E228
229,CS229,T229,E229
230,CS230,T230,E230
231,CS231,T231,E231
232,CS232,T232,E232
233,CS233,T233,E233
234,CS234,T234,E234
235,CS235,T235,E235
236,CS236,T236,E236
237,CS237,T237,E237
238,CS238,T238,E238
239,CS239,T239,E239
240,CS240,T240,E240
241,CS241,T241,E241
242,CS242,T242,E242
243,CS243,T243,E243
244,CS244,T244,E244
245,CS245,T245,E245
246,CS246,T246,E246
247,CS247,T247,E247
248,CS248,T248,E248
249,CS249,T249,E249
250,CS250,T250,E250
251,CS251,T251,E251
252,CS252,T252,E252
253,CS253,T253,E253
254,CS254,T254,E254
255,CS255,T255,E255
256,CS256,T256,E256
257,CS257,T257,E257
258,CS258,T258,E258
259,CS259,T259,E259
260,CS260,T260,E260
261,CS261,T261,E261
262,CS262,T262,E262
263,CS263,T263,E263
264,CS264,T264,E264
265,CS265,T265,E265
266,CS266,T266,E266
267,CS267,T267,E267
268,CS268,T268,E268
269,CS269,T269,E269
270,CS270,T270,E270
271,CS271,T271,E271
272,CS272,T272,E272
273,CS273,T273,E273
274,CS274,T274,E274
275,CS275,T275,E275
276,CS276,T276,E276
277,CS277,T277,E277
278,CS278,T278,E278
279,CS279,T279,E279
280,CS280,T280,E280
281,CS281,T281,E281
282,CS282,T282,E282
283,CS283,T283,E283
284,CS284,T284,E284
285,CS285,T285,E285
286,CS286,T286,E286
287,CS287,T287,E287
288,CS288,T288,E288
289,CS289,T289,E289
290,CS290,T290,E290
291,CS291,T291,E291
292,CS292,T292,E292
293,CS293,T293,E293
294,CS294,T294,E294
295,CS295,T295,E295
296,CS296,T296,E296
297,CS297,T297,E297
298,CS298,T298,E298
299,CS299,T299,E299
300,CS300,T300,E300
301,CS301,T301,E301
302,CS302,T302,E302
303,CS303,T303,E303
304,CS304,T304,E304
305,CS305,T305,E305
306,CS306,T306,E306
307,CS307,T307,E307
308,CS308,T308,E308
309,CS309,T309,E309
310,CS310,T310,E310
311,CS311,T311,E311
312,CS312,T312,E312
313,CS313,T313,E313
314,CS314,T314,E314
315,CS315,T315,E315
316,CS316,T316,E316
317,CS317,T317,E317
318,CS318,T318,E318
319,CS319,T319,E319
320,CS320,T320,E320
321,CS321,T321,E321
322,CS322,T322,E322
323,CS323,T323,E323
324,CS324,T324,E324
325,CS325,T325,E325
326,CS326,T326,E326
327,CS327,T327,E327
328,CS328,T328,E328
329,CS329,T329,E329
330,CS330,T330,E330
331,CS331,T331,E331
332,CS332,T332,E332
333,CS333,T333,E333
334,CS334,T334,E334
335,CS335,T335,E335
336,CS336,T336,E336
337,CS337,T337,E337
338,CS338,T338,E338
339,CS339,T339,E339
340,CS340,T340,E340
341,CS341,T341,E341
342,CS342,T342,E342
343,CS343,T343,E343
344,CS344,T344,E344
345,CS345,T345,E345
346,CS346,T346,E346
347,CS347,T347,E347
348,CS348,T348,E348
349,CS349,T349,E349
350,CS350,T350,E350
351,CS351,T351,E351
352,CS352,T352,E352
353,CS353,T353,E353
354,CS354,T354,E354
355,CS355,T355,E355
356,CS356,T356,E356
357,CS357,T357,E357
358,CS358,T358,E358
359,CS359,T359,E359
360,CS360,T360,E360
361,CS361,T361,E361
362,CS362,T362,E362
363,CS363,T363,E363
364,CS364,T364,E364
365,CS365,T365,E365
366,CS366,T366,E366
367,CS367,T367,E367
368,CS368,T368,E368
369,CS369,T369,E369
370,CS370,T370,E370
371,CS371,T371,E371
372,CS372,T372,E372
373,CS373,T373,E373
374,CS374,T374,E374
375,CS375,T375,E375
376,CS376,T376,E376
377,CS377,T377,E377
378,CS378,T378,E378
379,CS379,T379,E379
380,CS380,T380,E380
381,CS381,T381,E381
382,CS382,T382,E382
383,CS383,T383,E383
384,CS384,T384,E384
385,CS385,T385,E385
386,CS386,T386,E386
387,CS387,T387,E387
388,CS388,T388,E388
389,CS389,T389,E389
390,CS390,T390,E390
391,CS391,T391,E391
392,CS392,T392,E392
393,CS393,T393,E393
394,CS394,T394,E394
395,CS395,T395,E395
396,CS396,T396,E396
397,CS397,T397,E397
398,CS398,T398,E398
399,CS399,T399,E399
400,CS400,T400,E400
401,CS401,T401,E401
402,CS402,T402,E402
403,CS403,T403,E403
404,CS404,T404,E404
405,CS405,T405,E405
406,CS406,T406,E406
407,CS407,T407,E407
408,CS408,T408,E408
409,CS409,T409,E409
410,CS410,T410,E410
411,CS411,T411,E411
412,CS412,T412,E412
413,CS413,T413,E413
414,CS414,T414,E414
415,CS415,T415,E415
416,CS416,T416,E416
417,CS417,T417,E417
418,CS418,T418,E418
419,CS419,T419,E419
420,CS420,T420,E420
421,CS421,T421,E421
422,CS422,T422,E422
423,CS423,T423,E423
424,CS424,T424,E424
425,CS425,T425,E425
426,CS426,T426,E426
427,CS427,T427,E427
428,CS428,T428,E428
429,CS429,T429,E429
430,CS430,T430,E430
431,CS431,T431,E431
432,CS432,T432,E432
433,CS433,T433,E433
434,CS434,T434,E434
435,CS435,T435,E435
436,CS436,T436,E436
437,CS437,T437,E437
438,CS438,T438,E438
439,CS439,T439,E439
440,CS440,T440,E440
441,CS441,T441,E441
442,CS442,T442,E442
443,CS443,T443,E443
444,CS444,T444,E444
445,CS445,T445,E445
446,CS446,T446,E446
447,CS447,T447,E447
448,CS448,T448,E448
449,CS449,T449,E449
450,CS450,T450,E450
451,CS451,T451,E451
452,CS452,T452,E452
453,CS453,T453,E453
454,CS454,T454,E454
455,CS455,T455,E455
456,CS456,T456,E456
457,CS457,T457,E457
458,CS458,T458,E458
459,CS459,T459,E459
460,CS460,T460,E460
461,CS461,T461,E461
462,CS462,T462,E462
463,CS463,T463,E463
464,CS464,T464,E464
465,CS465,T465,E465
466,CS466,T466,E466
467,CS467,T467,E467
468,CS468,T468,E468
469,CS469,T469,E469
470,CS470,T470,E470
471,CS471,T471,E471
472,CS472,T472,E472
473,CS473,T473,E473
474,CS474,T474,E474
475,CS475,T475,E475
476,CS476,T476,E476
477,CS477,T477,E477
478,CS478,T478,E478
479,CS479,T479,E479
480,CS480,T480,E480
481,CS481,T481,E481
482,CS482,T482,E482
483,CS483,T483,E483
484,CS484,T484,E484
485,CS485,T485,E485
486,CS486,T486,E486
487,CS487,T487,E487
488,CS488,T488,E488
489,CS489,T489,E489
490,CS490,T490,E490
491,CS491,T491,E491
492,CS492,T492,E492
493,CS493,T493,E493
494,CS494,T494,E494
495,CS495,T495,E495
496,CS496,T496,E496
497,CS497,T497,E497
498,CS498,T498,E498
499,CS499,T499,E499
500,CS500,T500,E500
501,CS501,T501,E501
502,CS502,T502,E502
503,CS503,T503,E503
504,CS504,T504,E504
505,CS505,T505,E505
506,CS506,T506,E506
507,CS507,T507,E507
508,CS508,T508,E508
509,CS509,T509,E509
510,CS510,T510,E510
511,CS511,T511,E511
512,CS512,T512,E512
513,CS513,T513,E513
514,CS514,T514,E514
515,CS515,T515,E515
516,CS516,T516,E516
517,CS517,T517,E517
518,CS518,T518,E518
519,CS519,T519,E519
520,CS520,T520,E520
521,CS521,T521,E521
522,CS522,T522,E522
523,CS523,T523,E523
524,CS524,T524,E524
525,CS525,T525,E525
526,CS526,T526,E526
527,CS527,T527,E527
528,CS528,T528,E528
529,CS529,T529,E529
530,CS530,T530,E530
531,CS531,T531,E531
532,CS532,T532,E532
533,CS533,T533,E533
534,CS534,T534,E534
535,CS535,T535,E535
536,CS536,T536,E536
537,CS537,T537,E537
538,CS538,T538,E538
539,CS539,T539,E539
540,CS540,T540,E540
541,CS541,T541,E541
542,CS542,T542,E542
543,CS543,T543,E543
544,CS544,T544,E544
545,CS545,T545,E545
546,CS546,T546,E546
547,CS547,T547,E547
548,CS548,T548,E548
549,CS549,T549,E549
550,CS550,T550,E550
551,CS551,T551,E551
552,CS552,T552,E552
553,CS553,T553,E553
554,CS554,T554,E554
555,CS555,T555,E555
556,CS556,T556,E556
557,CS557,T557,E557
558,CS558,T558,E558
559,CS559,T559,E559
560,CS560,T560,E560
561,CS561,T561,E561
562,CS562,T562,E562
563,CS563,T563,E563
564,CS564,T564,E564
565,CS565,T565,E565
566,CS566,T566,E566
567,CS567,T567,E567
568,CS568,T568,E568
569,CS569,T569,E569
570,CS570,T570,E570
571,CS571,T571,E571
572,CS572,T572,E572
573,CS573,T573,E573
574,CS574,T574,E574
575,CS575,T575,E575
576,CS576,T576,E576
577,CS577,T577,E577
578,CS578,T578,E578
579,CS579,T579,E579
580,CS580,T580,E580
581,CS581,T581,E581
582,CS582,T582,E582
583,CS583,T583,E583
584,CS584,T584,E584
585,CS585,T585,E585
586,CS586,T586,E586
587,CS587,T587,E587
588,CS588,T588,E588
589,CS589,T589,E589
590,CS590,T590,E590
591,CS591,T591,E591
592,CS592,T592,E592
593,CS593,T593,E593
594,CS594,T594,E594
595,CS595,T595,E595
596,CS596,T596,E596
597,CS597,T597,E597
598,CS598,T598,E598
599,CS599,T599,E599
600,CS600,T600,E600
601,CS601,T601,E601
602,CS602,T602,E602
603,CS603,T603,E603
604,CS604,T604,E604
605,CS605,T605,E605
606,CS606,T606,E606
607,CS607,T607,E607
608,CS608,T608,E608
609,CS609,T609,E609
610,CS610,T610,E610
611,CS611,T611,E611
612,CS612,T612,E612
613,CS613,T613,E613
614,CS614,T614,E614
615,CS615,T615,E615
616,CS616,T616,E616
617,CS617,T617,E617
618,CS618,T618,E618
619,CS619,T619,E619
620,CS620,T620,E620
621,CS621,T621,E621
622,CS622,T622,E622
623,CS623,T623,E623
624,CS624,T624,E624
625,CS625,T625,E625
626,CS626,T626,E626
627,CS627,T627,E627
628,CS628,T628,E628
629,CS629,T629,E629
630,CS630,T630,E630
631,CS631,T631,E631
632,CS632,T632,E632
633,CS633,T633,E633
634,CS634,T634,E634
635,CS635,T635,E635
636,CS636,T636,E636
637,CS637,T637,E637
638,CS638,T638,E638
639,CS639,T639,E639
640,CS640,T640,E640
641,CS641,T641,E641
642,CS642,T642,E642
643,CS643,T643,E643
644,CS644,T644,E644
645,CS645,T645,E645
646,CS646,T646,E646
647,CS647,T647,E647
648,CS648,T648,E648
649,CS649,T649,E649
650,CS650,T650,E650
651,CS651,T651,E651
652,CS652,T652,E652
653,CS653,T653,E653
654,CS654,T654,E654
655,CS655,T655,E655
656,CS656,T656,E656
657,CS657,T657,E657
658,CS658,T658,E658
659,CS659,T659,E659
660,CS660,T660,E660
661,CS661,T661,E661
662,CS662,T662,E662
663,CS663,T663,E663
664,CS664,T664,E664
665,CS665,T665,E665
666,CS666,T666,E666
667,CS667,T667,E667
668,CS668,T668,E668
669,CS669,T669,E669
670,CS670,T670,E670
671,CS671,T671,E671
672,CS672,T672,E672
673,CS673,T673,E673
674,CS674,T674,E674
675,CS675,T675,E675
676,CS676,T676,E676
677,CS677,T677,E677
678,CS678,T678,E678
679,CS679,T679,E679
680,CS680,T680,E680
681,CS681,T681,E681
682,CS682,T682,E682
683,CS683,T683,E683
684,CS684,T684,E684
685,CS685,T685,E685
686,CS686,T686,E686
687,CS687,T687,E687
688,CS688,T688,E688
689,CS689,T689,E689
690,CS690,T690,E690
691,CS691,T691,E691
692,CS692,T692,E692
693,CS693,T693,E693
694,CS694,T694,E694
695,CS695,T695,E695
696,CS696,T696,E696
697,CS697,T697,E697
698,CS698,T698,E698
699,CS699,T699,E699
700,CS700,T700,E700
701,CS701,T701,E701
702,CS702,T702,E702
703,CS703,T703,E703
704,CS704,T704,E704
705,CS705,T705,E705
706,CS706,T706,E706
707,CS707,T707,E707
708,CS708,T708,E708
709,CS709,T709,E709
710,CS710,T710,E710
711,CS711,T711,E711
712,CS712,T712,E712
713,CS713,T713,E713
714,CS714,T714,E714
715,CS715,T715,E715
716,CS716,T716,E716
717,CS717,T717,E717
718,CS718,T718,E718
719,CS719,T719,E719
720,CS720,T720,E720
721,CS721,T721,E721
722,CS722,T722,E722
723,CS723,T723,E723
724,CS724,T724,E724
725,CS725,T725,E725
726,CS726,T726,E726
727,CS727,T727,E727
728,CS728,T728,E728
729,CS729,T729,E729
730,CS730,T730,E730
731,CS731,T731,E731
732,CS732,T732,E732
733,CS733,T733,E733
734,CS734,T734,E734
735,CS735,T735,E735
736,CS736,T736,E736
737,CS737,T737,E737
738,CS738,T738,E738
739,CS739,T739,E739
740,CS740,T740,E740
741,CS741,T741,E741
742,CS742,T742,E742
743,CS743,T743,E743
744,CS744,T744,E744
745,CS745,T745,E745
746,CS746,T746,E746
747,CS747,T747,E747
748,CS748,T748,E748
749,CS749,T749,E749
750,CS750,T750,E750
751,CS751,T751,E751
752,CS752,T752,E752
753,CS753,T753,E753
754,CS754,T754,E754
755,CS755,T755,E755
756,CS756,T756,E756
757,CS757,T757,E757
758,CS758,T758,E758
759,CS759,T759,E759
760,CS760,T760,E760
761,CS761,T761,E761
762,CS762,T762,E762
763,CS763,T763,E763
764,CS764,T764,E764
765,CS765,T765,E765
766,CS766,T766,E766
767,CS767,T767,E767
768,CS768,T768,E768
769,CS769,T769,E769
770,CS770,T770,E770
771,CS771,T771,E771
772,CS772,T772,E772
773,CS773,T773,E773
774,CS774,T774,E774
775,CS775,T775,E775
776,CS776,T776,E776
777,CS777,T777,E777
778,CS778,T778,E778
779,CS779,T779,E779
780,CS780,T780,E780
781,CS781,T781,E781
782,CS782,T782,E782
783,CS783,T783,E783
784,CS784,T784,E784
785,CS785,T785,E785
786,CS786,T786,E786
787,CS787,T787,E787
788,CS788,T788,E788
789,CS789,T789,E789
790,CS790,T790,E790
791,CS791,T791,E791
792,CS792,T792,E792
793,CS793,T793,E793
794,CS794,T794,E794
795,CS795,T795,E795
796,CS796,T796,E796
797,CS797,T797,E797
798,CS798,T798,E798
799,CS799,T799,E799
800,CS800,T800,E800
801,CS801,T801,E801
802,CS802,T802,E802
803,CS803,T803,E803
804,CS804,T804,E804
805,CS805,T805,E805
806,CS806,T806,E806
807,CS807,T807,E807
808,CS808,T808,E808
809,CS809,T809,E809
810,CS810,T810,E810
811,CS811,T811,E811
812,CS812,T812,E812
813,CS813,T813,E813
814,CS814,T814,E814
815,CS815,T815,E815
816,CS816,T816,E816
817,CS817,T817,E817
818,CS818,T818,E818
819,CS819,T819,E819
820,CS820,T820,E820
821,CS821,T821,E821
822,CS822,T822,E822
823,CS823,T823,E823
824,CS824,T824,E824
825,CS825,T825,E825
826,CS826,T826,E826
827,CS827,T827,E827
828,CS828,T828,E828
829,CS829,T829,E829
830,CS830,T830,E830
831,CS831,T831,E831
832,CS832,T832,E832
833,CS833,T833,E833
834,CS834,T834,E834
835,CS835,T835,E835
836,CS836,T836,E836
837,CS837,T837,E837
838,CS838,T838,E838
839,CS839,T839,E839
840,CS840,T840,E840
841,CS841,T841,E841
842,CS842,T842,E842
843,CS843,T843,E843
844,CS844,T844,E844
845,CS845,T845,E845
846,CS846,T846,E846
847,CS847,T847,E847
848,CS848,T848,E848
849,CS849,T849,E849
850,CS850,T850,E850
851,CS851,T851,E851
852,CS852,T852,E852
853,CS853,T853,E853
854,CS854,T854,E854
855,CS855,T855,E855
856,CS856,T856,E856
857,CS857,T857,E857
858,CS858,T858,E858
859,CS859,T859,E859
860,CS860,T860,E860
861,CS861,T861,E861
862,CS862,T862,E862
863,CS863,T863,E863
864,CS864,T864,E864
865,CS865,T865,E865
866,CS866,T866,E866
867,CS867,T867,E867
868,CS868,T868,E868
869,CS869,T869,E869
870,CS870,T870,E870
871,CS871,T871,E871
872,CS872,T872,E872
873,CS873,T873,E873
874,CS874,T874,E874
875,CS875,T875,E875
876,CS876,T876,E876
877,CS877,T877,E877
878,CS878,T878,E878
879,CS879,T879,E879
880,CS880,T880,E880
881,CS881,T881,E881
882,CS882,T882,E882
883,CS883,T883,E883
884,CS884,T884,E884
885,CS885,T885,E885
886,CS886,T886,E886
887,CS887,T887,E887
888,CS888,T888,E888
889,CS889,T889,E889
890,CS890,T890,E890
891,CS891,T891,E891
892,CS892,T892,E892
893,CS893,T893,E893
894,CS894,T894,E894
895,CS895,T895,E895
896,CS896,T896,E896
897,CS897,T897,E897
898,CS898,T898,E898
899,CS899,T899,E899
900,CS900,T900,E900
901,CS901,T901,E901
902,CS902,T902,E902
903,CS903,T903,E903
904,CS904,T904,E904
905,CS905,T905,E905
906,CS906,T906,E906
907,CS907,T907,E907
908,CS908,T908,E908
909,CS909,T909,E909
910,CS910,T910,E910
911,CS911,T911,E911
912,CS912,T912,E912
913,CS913,T913,E913
914,CS914,T914,E914
915,CS915,T915,E915
916,CS916,T916,E916
917,CS917,T917,E917
918,CS918,T918,E918
919,CS919,T919,E919
920,CS920,T920,E920
921,CS921,T921,E921
922,CS922,T922,E922
923,CS923,T923,E923
924,CS924,T924,E924
925,CS925,T925,E925
926,CS926,T926,E926
927,CS927,T927,E927
928,CS928,T928,E928
929,CS929,T929,E929
930,CS930,T930,E930
931,CS931,T931,E931
932,CS932,T932,E932
933,CS933,T933,E933
934,CS934,T934,E934
935,CS935,T935,E935
936,CS936,T936,E936
937,CS937,T937,E937
938,CS938,T938,E938
939,CS939,T939,E939
940,CS940,T940,E940
941,CS941,T941,E941
942,CS942,T942,E942
943,CS943,T943,E943
944,CS944,T944,E944
945,CS945,T945,E945
946,CS946,T946,E946
947,CS947,T947,E947
948,CS948,T948,E948
949,CS949,T949,E949
950,CS950,T950,E950
951,CS951,T951,E951
952,CS952,T952,E952
953,CS953,T953,E953
954,CS954,T954,E954
955,CS955,T955,E955
956,CS956,T956,E956
957,CS957,T957,E957
958,CS958,T958,E958
959,CS959,T959,E959
960,CS960,T960,E960
961,CS961,T961,E961
962,CS962,T962,E962
963,CS963,T963,E963
964,CS964,T964,E964
965,CS965,T965,E965
966,CS966,T966,E966
967,CS967,T967,E967
968,CS968,T968,E968
969,CS969,T969,E969
970,CS970,T970,E970
971,CS971,T971,E971
972,CS972,T972,E972
973,CS973,T973,E973
974,CS974,T974,E974
975,CS975,T975,E975
976,CS976,T976,E976
977,CS977,T977,E977
978,CS978,T978,E978
979,CS979,T979,E979
980,CS980,T980,E980
981,CS981,T981,E981
982,CS982,T982,E982
983,CS983,T983,E983
984,CS984,T984,E984
985,CS985,T985,E985
986,CS986,T986,E986
987,CS987,T987,E987
988,CS988,T988,E988
989,CS989,T989,E989
990,CS990,T990,E990
991,CS991,T991,E991
992,CS992,T992,E992
993,CS993,T993,E993
994,CS994,T994,E994
995,CS995,T995,E995
996,CS996,T996,E996
997,CS997,T997,E997
998,CS998,T998,E998
999,CS999,T999,E999
1000,CS1000,T1000,E1000
1001,CS1001,T1001,E1001
1002,CS1002,T1002,E1002
1003,CS1003,T1003,E1003
1004,CS1004,T1004,E1004
1005,CS1005,T1005,E1005
1006,CS1006,T1006,E1006
1007,CS1007,T1007,E1007
1008,CS1008,T1008,E1008
1009,CS1009,T1009,E1009
1010,CS1010,T1010,E1010
1011,CS1011,T1011,E1011
1012,CS1012,T1012,E1012
1013,CS1013,T1013,E1013
1014,CS1014,T1014,E1014
1015,CS1015,T1015,E1015
1016,CS1016,T1016,E1016
1017,CS1017,T1017,E1017
1018,CS1018,T1018,E1018
1019,CS1019,T1019,E1019
1020,CS1020,T1020,E1020
1021,CS1021,T1021,E1021
1022,CS1022,T1022,E1022
1023,CS1023,T1023,E1023
1024,CS1024,T1024,E1024
1025,CS1025,T1025,E1025
1026,CS1026,T1026,E1026
1027,CS1027,T1027,E1027
1028,CS1028,T1028,E1028
1029,CS1029,T1029,E1029
1030,CS1030,T1030,E1030
1031,CS1031,T1031,E1031
1032,CS1032,T1032,E1032
1033,CS1033,T1033,E1033
1034,CS1034,T1034,E1034
1035,CS1035,T1035,E1035
1036,CS1036,T1036,E1036
1037,CS1037,T1037,E1037
1038,CS1038,T1038,E1038
1039,CS1039,T1039,E1039
1040,CS1040,T1040,E1040
1041,CS1041,T1041,E1041
1042,CS1042,T1042,E1042
1043,CS1043,T1043,E1043
1044,CS1044,T1044,E1044
1045,CS1045,T1045,E1045
1046,CS1046,T1046,E1046
1047,CS1047,T1047,E1047
1048,CS1048,T1048,E1048
1049,CS1049,T1049,E1049
1050,CS1050,T1050,E1050
1051,CS1051,T1051,E1051
1052,CS1052,T1052,E1052
1053,CS1053,T1053,E1053
1054,CS1054,T1054,E1054
1055,CS1055,T1055,E1055
1056,CS1056,T1056,E1056
1057,CS1057,T1057,E1057
1058,CS1058,T1058,E1058
1059,CS1059,T1059,E1059
1060,CS1060,T1060,E1060
1061,CS1061,T1061,E1061
1062,CS1062,T1062,E1062
1063,CS1063,T1063,E1063
1064,CS1064,T1064,E1064
1065,CS1065,T1065,E1065
1066,CS1066,T1066,E1066
1067,CS1067,T1067,E1067
1068,CS1068,T1068,E1068
1069,CS1069,T1069,E1069
1070,CS1070,T1070,E1070
1071,CS1071,T1071,E1071
1072,CS1072,T1072,E1072
1073,CS1073,T1073,E1073
1074,CS1074,T1074,E1074
1075,CS1075,T1075,E1075
1076,CS1076,T1076,E1076
1077,CS1077,T1077,E1077
1078,CS1078,T1078,E1078
1079,CS1079,T1079,E1079
1080,CS1080,T1080,E1080
1081,CS1081,T1081,E1081
1082,CS1082,T1082,E1082
1083,CS1083,T1083,E1083
1084,CS1084,T1084,E1084
1085,CS1085,T1085,E1085
1086,CS1086,T1086,E1086
1087,CS1087,T1087,E1087
1088,CS1088,T1088,E1088
1089,CS1089,T1089,E1089
1090,CS1090,T1090,E1090
1091,CS1091,T1091,E1091
1092,CS1092,T1092,E1092
1093,CS1093,T1093,E1093
1094,CS1094,T1094,E1094
1095,CS1095,T1095,E1095
1096,CS1096,T1096,E1096
1097,CS1097,T1097,E1097
1098,CS1098,T1098,E1098
1099,CS1099,T1099,E1099
1100,CS1100,T1100,E1100
1101,CS1101,T1101,E1101
1102,CS1102,T1102,E1102
1103,CS1103,T1103,E1103
1104,CS1104,T1104,E1104
1105,CS1105,T1105,E1105
1106,CS1106,T1106,E1106
1107,CS1107,T1107,E1107
1108,CS1108,T1108,E1108
1109,CS1109,T1109,E1109
1110,CS1110,T1110,E1110
1111,CS1111,T1111,E1111
1112,CS1112,T1112,E1112
1113,CS1113,T1113,E1113
1114,CS1114,T1114,E1114
1115,CS1115,T1115,E1115
1116,CS1116,T1116,E1116
1117,CS1117,T1117,E1117
1118,CS1118,T1118,E1118
1119,CS1119,T1119,E1119
1120,CS1120,T1120,E1120
1121,CS1121,T1121,E1121
1122,CS1122,T1122,E1122
1123,CS1123,T1123,E1123
1124,CS1124,T1124,E1124
1125,CS1125,T1125,E1125
1126,CS1126,T1126,E1126
1127,CS1127,T1127,E1127
1128,CS1128,T1128,E1128
1129,CS1129,T1129,E1129
1130,CS1130,T1130,E1130
1131,CS1131,T1131,E1131
1132,CS1132,T1132,E1132
1133,CS1133,T1133,E1133
1134,CS1134,T1134,E1134
1135,CS1135,T1135,E1135
1136,CS1136,T1136,E1136
1137,CS1137,T1137,E1137
1138,CS1138,T1138,E1138
1139,CS1139,T1139,E1139
1140,CS1140,T1140,E1140
1141,CS1141,T1141,E1141
1142,CS1142,T1142,E1142
1143,CS1143,T1143,E1143
1144,CS1144,T1144,E1144
1145,CS1145,T1145,E1145
1146,CS1146,T1146,E1146
1147,CS1147,T1147,E1147
1148,CS1148,T1148,E1148
1149,CS1149,T1149,E1149
1150,CS1150,T1150,E1150
1151,CS1151,T1151,E1151
1152,CS1152,T1152,E1152
1153,CS1153,T1153,E1153
1154,CS1154,T1154,E1154
1155,CS1155,T1155,E1155
1156,CS1156,T1156,E1156
1157,CS1157,T1157,E1157
1158,CS1158,T1158,E1158
1159,CS1159,T1159,E1159
1160,CS1160,T1160,E1160
1161,CS1161,T1161,E1161
1162,CS1162,T1162,E1162
1163,CS1163,T1163,E1163
1164,CS1164,T1164,E1164
1165,CS1165,T1165,E1165
1166,CS1166,T1166,E1166
1167,CS1167,T1167,E1167
1168,CS1168,T1168,E1168
1169,CS1169,T1169,E1169
1170,CS1170,T1170,E1170
1171,CS1171,T1171,E1171
1172,CS1172,T1172,E1172
1173,CS1173,T1173,E1173
1174,CS1174,T1174,E1174
1175,CS1175,T1175,E1175
1176,CS1176,T1176,E1176
1177,CS1177,T1177,E1177
1178,CS1178,T1178,E1178
1179,CS1179,T1179,E1179
1180,CS1180,T1180,E1180
1181,CS1181,T1181,E1181
1182,CS1182,T1182,E1182
1183,CS1183,T1183,E1183
1184,CS1184,T1184,E1184
1185,CS1185,T1185,E1185
1186,CS1186,T1186,E1186
1187,CS1187,T1187,E1187
1188,CS1188,T1188,E1188
1189,CS1189,T1189,E1189
1190,CS1190,T1190,E1190
1191,CS1191,T1191,E1191
1192,CS1192,T1192,E1192
1193,CS1193,T1193,E1193
1194,CS1194,T1194,E1194
1195,CS1195,T1195,E1195
1196,CS1196,T1196,E1196
1197,CS1197,T1197,E1197
1198,CS1198,T1198,E1198
1199,CS1199,T1199,E1199
1200,CS1200,T1200,E1200
1201,CS1201,T1201,E1201
1202,CS1202,T1202,E1202
1203,CS1203,T1203,E1203
1204,CS1204,T1204,E1204
1205,CS1205,T1205,E1205
1206,CS1206,T1206,E1206
1207,CS1207,T1207,E1207
1208,CS1208,T1208,E1208
1209,CS1209,T1209,E1209
1210,CS1210,T1210,E1210
1211,CS1211,T1211,E1211
1212,CS1212,T1212,E1212
1213,CS1213,T1213,E1213
1214,CS1214,T1214,E1214
1215,CS1215,T1215,E1215
1216,CS1216,T1216,E1216
1217,CS1217,T1217,E1217
1218,CS1218,T1218,E1218
1219,CS1219,T1219,E1219
1220,CS1220,T1220,E1220
1221,CS1221,T1221,E1221
1222,CS1222,T1222,E1222
1223,CS1223,T1223,E1223
1224,CS1224,T1224,E1224
1225,CS1225,T1225,E1225
1226,CS1226,T1226,E1226
1227,CS1227,T1227,E1227
1228,CS1228,T1228,E1228
1229,CS1229,T1229,E1229
1230,CS1230,T1230,E1230
1231,CS1231,T1231,E1231
1232,CS1232,T1232,E1232
1233,CS1233,T1233,E1233
1234,CS1234,T1234,E1234
1235,CS1235,T1235,E1235
1236,CS1236,T1236,E1236
1237,CS1237,T1237,E1237
1238,CS1238,T1238,E1238
1239,CS1239,T1239,E1239
1240,CS1240,T1240,E1240
1241,CS1241,T1241,E1241
1242,CS1242,T1242,E1242
1243,CS1243,T1243,E1243
1244,CS1244,T1244,E1244
1245,CS1245,T1245,E1245
1246,CS1246,T1246,E1246
1247,CS1247,T1247,E1247
1248,CS1248,T1248,E1248
1249,CS1249,T1249,E1249
1250,CS1250,T1250,E1250
1251,CS1251,T1251,E1251
1252,CS1252,T1252,E1252
1253,CS1253,T1253,E1253
1254,CS1254,T1254,E1254
1255,CS1255,T1255,E1255
1256,CS1256,T1256,E1256
1257,CS1257,T1257,E1257
1258,CS1258,T1258,E1258
1259,CS1259,T1259,E1259
1260,CS1260,T1260,E1260
1261,CS1261,T1261,E1261
1262,CS1262,T1262,E1262
1263,CS1263,T1263,E1263
1264,CS1264,T1264,E1264
1265,CS1265,T1265,E1265
1266,CS1266,T1266,E1266
1267,CS1267,T1267,E1267
1268,CS1268,T1268,E1268
1269,CS1269,T1269,E1269
1270,CS1270,T1270,E1270
1271,CS1271,T1271,E1271
1272,CS1272,T1272,E1272
1273,CS1273,T1273,E1273
1274,CS1274,T1274,E1274
1275,CS1275,T1275,E1275
1276,CS1276,T1276,E1276
1277,CS1277,T1277,E1277
1278,CS1278,T1278,E1278
1279,CS1279,T1279,E1279
1280,CS1280,T1280,E1280
1281,CS1281,T1281,E1281
1282,CS1282,T1282,E1282
1283,CS1283,T1283,E1283
1284,CS1284,T1284,E1284
1285,CS1285,T1285,E1285
1286,CS1286,T1286,E1286
1287,CS1287,T1287,E1287
1288,CS1288,T1288,E1288
1289,CS1289,T1289,E1289
1290,CS1290,T1290,E1290
1291,CS1291,T1291,E1291
1292,CS1292,T1292,E1292
1293,CS1293,T1293,E1293
1294,CS1294,T1294,E1294
1295,CS1295,T1295,E1295
1296,CS1296,T1296,E1296
1297,CS1297,T1297,E1297
1298,CS1298,T1298,E1298
1299,CS1299,T1299,E1299
1300,CS1300,T1300,E1300
1301,CS1301,T1301,E1301
1302,CS1302,T1302,E1302
1303,CS1303,T1303,E1303
1304,CS1304,T1304,E1304
1305,CS1305,T1305,E1305
1306,CS1306,T1306,E1306
1307,CS1307,T1307,E1307
1308,CS1308,T1308,E1308
1309,CS1309,T1309,E1309
1310,CS1310,T1310,E1310
1311,CS1311,T1311,E1311
1312,CS1312,T1312,E1312
1313,CS1313,T1313,E1313
1314,CS1314,T1314,E1314
1315,CS1315,T1315,E1315
1316,CS1316,T1316,E1316
1317,CS1317,T1317,E1317
1318,CS1318,T1318,E1318
1319,CS1319,T1319,E1319
1320,CS1320,T1320,E1320
1321,CS1321,T1321,E1321
1322,CS1322,T1322,E1322
1323,CS1323,T1323,E1323
1324,CS1324,T1324,E1324
1325,CS1325,T1325,E1325
1326,CS1326,T1326,E1326
1327,CS1327,T1327,E1327
1328,CS1328,T1328,E1328
1329,CS1329,T1329,E1329
1330,CS1330,T1330,E1330
1331,CS1331,T1331,E1331
1332,CS1332,T1332,E1332
1333,CS1333,T1333,E1333
1334,CS1334,T1334,E1334
1335,CS1335,T1335,E1335
1336,CS1336,T1336,E1336
1337,CS1337,T1337,E1337
1338,CS1338,T1338,E1338
1339,CS1339,T1339,E1339
1340,CS1340,T1340,E1340
1341,CS1341,T1341,E1341
1342,CS1342,T1342,E1342
1343,CS1343,T1343,E1343
1344,CS1344,T1344,E1344
1345,CS1345,T1345,E1345
1346,CS1346,T1346,E1346
1347,CS1347,T1347,E1347
1348,CS1348,T1348,E1348
1349,CS1349,T1349,E1349
1350,CS1350,T1350,E1350
1351,CS1351,T1351,E1351
1352,CS1352,T1352,E1352
1353,CS1353,T1353,E1353
1354,CS1354,T1354,E1354
1355,CS1355,T1355,E1355
1356,CS1356,T1356,E1356
1357,CS1357,T1357,E1357
1358,CS1358,T1358,E1358
1359,CS1359,T1359,E1359
1360,CS1360,T1360,E1360
1361,CS1361,T1361,E1361
1362,CS1362,T1362,E1362
1363,CS1363,T1363,E1363
1364,CS1364,T1364,E1364
1365,CS1365,T1365,E1365
1366,CS1366,T1366,E1366
1367,CS1367,T1367,E1367
1368,CS1368,T1368,E1368
1369,CS1369,T1369,E1369
1370,CS1370,T1370,E1370
1371,CS1371,T1371,E1371
1372,CS1372,T1372,E1372
1373,CS1373,T1373,E1373
1374,CS1374,T1374,E1374
1375,CS1375,T1375,E1375
1376,CS1376,T1376,E1376
1377,CS1377,T1377,E1377
1378,CS1378,T1378,E1378
1379,CS1379,T1379,E1379
1380,CS1380,T1380,E1380
1381,CS1381,T1381,E1381
1382,CS1382,T1382,E1382
1383,CS1383,T1383,E1383
1384,CS1384,T1384,E1384
1385,CS1385,T1385,E1385
1386,CS1386,T1386,E1386
1387,CS1387,T1387,E1387
1388,CS1388,T1388,E1388
1389,CS1389,T1389,E1389
1390,CS1390,T1390,E1390
1391,CS1391,T1391,E1391
1392,CS1392,T1392,E1392
1393,CS1393,T1393,E1393
1394,CS1394,T1394,E1394
1395,CS1395,T1395,E1395
1396,CS1396,T1396,E1396
1397,CS1397,T1397,E1397
1398,CS1398,T1398,E1398
1399,CS1399,T1399,E1399
1400,CS1400,T1400,E1400
1401,CS1401,T1401,E1401
1402,CS1402,T1402,E1402
1403,CS1403,T1403,E1403
1404,CS1404,T1404,E1404
1405,CS1405,T1405,E1405
1406,CS1406,T1406,E1406
1407,CS1407,T1407,E1407
1408,CS1408,T1408,E1408
1409,CS1409,T1409,E1409
1410,CS1410,T1410,E1410
1411,CS1411,T1411,E1411
1412,CS1412,T1412,E1412
1413,CS1413,T1413,E1413
1414,CS1414,T1414,E1414
1415,CS1415,T1415,E1415
1416,CS1416,T1416,E1416
1417,CS1417,T1417,E1417
1418,CS1418,T1418,E1418
1419,CS1419,T1419,E1419
1420,CS1420,T1420,E1420
1421,CS1421,T1421,E1421
1422,CS1422,T1422,E1422
1423,CS1423,T1423,E1423
1424,CS1424,T1424,E1424
1425,CS1425,T1425,E1425
1426,CS1426,T1426,E1426
1427,CS1427,T1427,E1427
1428,CS1428,T1428,E1428
1429,CS1429,T1429,E1429
1430,CS1430,T1430,E1430
1431,CS1431,T1431,E1431
1432,CS1432,T1432,E1432
1433,CS1433,T1433,E1433
1434,CS1434,T1434,E1434
1435,CS1435,T1435,E1435
1436,CS1436,T1436,E1436
1437,CS1437,T1437,E1437
1438,CS1438,T1438,E1438
1439,CS1439,T1439,E1439
1440,CS1440,T1440,E1440
1441,CS1441,T1441,E1441
1442,CS1442,T1442,E1442
1443,CS1443,T1443,E1443
1444,CS1444,T1444,E1444
1445,CS1445,T1445,E1445
1446,CS1446,T1446,E1446
1447,CS1447,T1447,E1447
1448,CS1448,T1448,E1448
1449,CS1449,T1449,E1449
1450,CS1450,T1450,E1450
1451,CS1451,T1451,E1451
1452,CS1452,T1452,E1452
1453,CS1453,T1453,E1453
1454,CS1454,T1454,E1454
1455,CS1455,T1455,E1455
1456,CS1456,T1456,E1456
1457,CS1457,T1457,E1457
1458,CS1458,T1458,E1458
1459,CS1459,T1459,E1459
1460,CS1460,T1460,E1460
1461,CS1461,T1461,E1461
1462,CS1462,T1462,E1462
1463,CS1463,T1463,E1463
1464,CS1464,T1464,E1464
1465,CS1465,T1465,E1465
1466,CS1466,T1466,E1466
1467,CS1467,T1467,E1467
1468,CS1468,T1468,E1468
1469,CS1469,T1469,E1469
1470,CS1470,T1470,E1470
1471,CS1471,T1471,E1471
1472,CS1472,T1472,E1472
1473,CS1473,T1473,E1473
1474,CS1474,T1474,E1474
1475,CS1475,T1475,E1475
1476,CS1476,T1476,E1476
1477,CS1477,T1477,E1477
1478,CS1478,T1478,E1478
1479,CS1479,T1479,E1479
1480,CS1480,T1480,E1480
1481,CS1481,T1481,E1481
1482,CS1482,T1482,E1482
1483,CS1483,T1483,E1483
1484,CS1484,T1484,E1484
1485,CS1485,T1485,E1485
1486,CS1486,T1486,E1486
1487,CS1487,T1487,E1487
1488,CS1488,T1488,E1488
1489,CS1489,T1489,E1489
1490,CS1490,T1490,E1490
1491,CS1491,T1491,E1491
1492,CS1492,T1492,E1492
1493,CS1493,T1493,E1493
1494,CS1494,T1494,E1494
1495,CS1495,T1495,E1495
1496,CS1496,T1496,E1496
1497,CS1497,T1497,E1497
1498,CS1498,T1498,E1498
1499,CS1499,T1499,E1499
1500,CS1500,T1500,E1500
1501,CS1501,T1501,E1501
1502,CS1502,T1502,E1502
1503,CS1503,T1503,E1503
1504,CS1504,T1504,E1504
1505,CS1505,T1505,E1505
1506,CS1506,T1506,E1506
1507,CS1507,T1507,E1507
1508,CS1508,T1508,E1508
1509,CS1509,T1509,E1509
1510,CS1510,T1510,E1510
1511,CS1511,T1511,E1511
1512,CS1512,T1512,E1512
1513,CS1513,T1513,E1513
1514,CS1514,T1514,E1514
1515,CS1515,T1515,E1515
1516,CS1516,T1516,E1516
1517,CS1517,T1517,E1517
1518,CS1518,T1518,E1518
1519,CS1519,T1519,E1519
1520,CS1520,T1520,E1520
1521,CS1521,T1521,E1521
1522,CS1522,T1522,E1522
1523,CS1523,T1523,E1523
1524,CS1524,T1524,E1524
1525,CS1525,T1525,E1525
1526,CS1526,T1526,E1526
1527,CS1527,T1527,E1527
1528,CS1528,T1528,E1528
1529,CS1529,T1529,E1529
1530,CS1530,T1530,E1530
1531,CS1531,T1531,E1531
1532,CS1532,T1532,E1532
1533,CS1533,T1533,E1533
1534,CS1534,T1534,E1534
1535,CS1535,T1535,E1535
1536,CS1536,T1536,E1536
1537,CS1537,T1537,E1537
1538,CS1538,T1538,E1538
1539,CS1539,T1539,E1539
1540,CS1540,T1540,E1540
1541,CS1541,T1541,E1541
1542,CS1542,T1542,E1542
1543,CS1543,T1543,E1543
1544,CS1544,T1544,E1544
1545,CS1545,T1545,E1545
1546,CS1546,T1546,E1546
1547,CS1547,T1547,E1547
1548,CS1548,T1548,E1548
1549,CS1549,T1549,E1549
1550,CS1550,T1550,E1550
1551,CS1551,T1551,E1551
1552,CS1552,T1552,E1552
1553,CS1553,T1553,E1553
1554,CS1554,T1554,E1554
1555,CS1555,T1555,E1555
1556,CS1556,T1556,E1556
1557,CS1557,T1557,E1557
1558,CS1558,T1558,E1558
1559,CS1559,T1559,E1559
1560,CS1560,T1560,E1560
1561,CS1561,T1561,E1561
1562,CS1562,T1562,E1562
1563,CS1563,T1563,E1563
1564,CS1564,T1564,E1564
1565,CS1565,T1565,E1565
1566,CS1566,T1566,E1566
1567,CS1567,T1567,E1567
1568,CS1568,T1568,E1568
1569,CS1569,T1569,E1569
1570,CS1570,T1570,E1570
1571,CS1571,T1571,E1571
1572,CS1572,T1572,E1572
1573,CS1573,T1573,E1573
1574,CS1574,T1574,E1574
1575,CS1575,T1575,E1575
1576,CS1576,T1576,E1576
1577,CS1577,T1577,E1577
1578,CS1578,T1578,E1578
1579,CS1579,T1579,E1579
1580,CS1580,T1580,E1580
1581,CS1581,T1581,E1581
1582,CS1582,T1582,E1582
1583,CS1583,T1583,E1583
1584,CS1584,T1584,E1584
1585,CS1585,T1585,E1585
1586,CS1586,T1586,E1586
1587,CS1587,T1587,E1587
1588,CS1588,T1588,E1588
1589,CS1589,T1589,E1589
1590,CS1590,T1590,E1590
1591,CS1591,T1591,E1591
1592,CS1592,T1592,E1592
1593,CS1593,T1593,E1593
1594,CS1594,T1594,E1594
1595,CS1595,T1595,E1595
1596,CS1596,T1596,E1596
1597,CS1597,T1597,E1597
1598,CS1598,T1598,E1598
1599,CS1599,T1599,E1599
1600,CS1600,T1600,E1600
1601,CS1601,T1601,E1601
1602,CS1602,T1602,E1602
1603,CS1603,T1603,E1603
1604,CS1604,T1604,E1604
1605,CS1605,T1605,E1605
1606,CS1606,T1606,E1606
1607,CS1607,T1607,E1607
1608,CS1608,T1608,E1608
1609,CS1609,T1609,E1609
1610,CS1610,T1610,E1610
1611,CS1611,T1611,E1611
1612,CS1612,T1612,E1612
1613,CS1613,T1613,E1613
1614,CS1614,T1614,E1614
1615,CS1615,T1615,E1615
1616,CS1616,T1616,E1616
1617,CS1617,T1617,E1617
1618,CS1618,T1618,E1618
1619,CS1619,T1619,E1619
1620,CS1620,T1620,E1620
1621,CS1621,T1621,E1621
1622,CS1622,T1622,E1622
1623,CS1623,T1623,E1623
1624,CS1624,T1624,E1624
1625,CS1625,T1625,E1625
1626,CS1626,T1626,E1626
1627,CS1627,T1627,E1627
1628,CS1628,T1628,E1628
1629,CS1629,T1629,E1629
1630,CS1630,T1630,E1630
1631,CS1631,T1631,E1631
1632,CS1632,T1632,E1632
1633,CS1633,T1633,E1633
1634,CS1634,T1634,E1634
1635,CS1635,T1635,E1635
1636,CS1636,T1636,E1636
1637,CS1637,T1637,E1637
1638,CS1638,T1638,E1638
1639,CS1639,T1639,E1639
1640,CS1640,T1640,E1640
1641,CS1641,T1641,E1641
1642,CS1642,T1642,E1642
1643,CS1643,T1643,E1643
1644,CS1644,T1644,E1644
1645,CS1645,T1645,E1645
1646,CS1646,T1646,E1646
1647,CS1647,T1647,E1647
1648,CS1648,T1648,E1648
1649,CS1649,T1649,E1649
1650,CS1650,T1650,E1650
1651,CS1651,T1651,E1651
1652,CS1652,T1652,E1652
1653,CS1653,T1653,E1653
1654,CS1654,T1654,E1654
1655,CS1655,T1655,E1655
1656,CS1656,T1656,E1656
1657,CS1657,T1657,E1657
1658,CS1658,T1658,E1658
1659,CS1659,T1659,E1659
1660,CS1660,T1660,E1660
1661,CS1661,T1661,E1661
1662,CS1662,T1662,E1662
1663,CS1663,T1663,E1663
1664,CS1664,T1664,E1664
1665,CS1665,T1665,E1665
1666,CS1666,T1666,E1666
1667,CS1667,T1667,E1667
1668,CS1668,T1668,E1668
1669,CS1669,T1669,E1669
1670,CS1670,T1670,E1670
1671,CS1671,T1671,E1671
1672,CS1672,T1672,E1672
1673,CS1673,T1673,E1673
1674,CS1674,T1674,E1674
1675,CS1675,T1675,E1675
1676,CS1676,T1676,E1676
1677,CS1677,T1677,E1677
1678,CS1678,T1678,E1678
1679,CS1679,T1679,E1679
1680,CS1680,T1680,E1680
1681,CS1681,T1681,E1681
1682,CS1682,T1682,E1682
1683,CS1683,T1683,E1683
1684,CS1684,T1684,E1684
1685,CS1685,T1685,E1685
1686,CS1686,T1686,E1686
1687,CS1687,T1687,E1687
1688,CS1688,T1688,E1688
1689,CS1689,T1689,E1689
1690,CS1690,T1690,E1690
1691,CS1691,T1691,E1691
1692,CS1692,T1692,E1692
1693,CS1693,T1693,E1693
1694,CS1694,T1694,E1694
1695,CS1695,T1695,E1695
1696,CS1696,T1696,E1696
1697,CS1697,T1697,E1697
1698,CS1698,T1698,E1698
1699,CS1699,T1699,E1699
1700,CS1700,T1700,E1700
1701,CS1701,T1701,E1701
1702,CS1702,T1702,E1702
1703,CS1703,T1703,E1703
1704,CS1704,T1704,E1704
1705,CS1705,T1705,E1705
1706,CS1706,T1706,E1706
1707,CS1707,T1707,E1707
1708,CS1708,T1708,E1708
1709,CS1709,T1709,E1709
1710,CS1710,T1710,E1710
1711,CS1711,T1711,E1711
1712,CS1712,T1712,E1712
1713,CS1713,T1713,E1713
1714,CS1714,T1714,E1714
1715,CS1715,T1715,E1715
1716,CS1716,T1716,E1716
1717,CS1717,T1717,E1717
1718,CS1718,T1718,E1718
1719,CS1719,T1719,E1719
1720,CS1720,T1720,E1720
1721,CS1721,T1721,E1721
1722,CS1722,T1722,E1722
1723,CS1723,T1723,E1723
1724,CS1724,T1724,E1724
1725,CS1725,T1725,E1725
1726,CS1726,T1726,E1726
1727,CS1727,T1727,E1727
1728,CS1728,T1728,E1728
1729,CS1729,T1729,E1729
1730,CS1730,T1730,E1730
1731,CS1731,T1731,E1731
1732,CS1732,T1732,E1732
1733,CS1733,T1733,E1733
1734,CS1734,T1734,E1734
1735,CS1735,T1735,E1735
1736,CS1736,T1736,E1736
1737,CS1737,T1737,E1737
1738,CS1738,T1738,E1738
1739,CS1739,T1739,E1739
1740,CS1740,T1740,E1740
1741,CS1741,T1741,E1741
1742,CS1742,T1742,E1742
1743,CS1743,T1743,E1743
1744,CS1744,T1744,E1744
1745,CS1745,T1745,E1745
1746,CS1746,T1746,E1746
1747,CS1747,T1747,E1747
1748,CS1748,T1748,E1748
1749,CS1749,T1749,E1749
1750,CS1750,T1750,E1750
1751,CS1751,T1751,E1751
1752,CS1752,T1752,E1752
1753,CS1753,T1753,E1753
1754,CS1754,T1754,E1754
1755,CS1755,T1755,E1755
1756,CS1756,T1756,E1756
1757,CS1757,T1757,E1757
1758,CS1758,T1758,E1758
1759,CS1759,T1759,E1759
1760,CS1760,T1760,E1760
1761,CS1761,T1761,E1761
1762,CS1762,T1762,E1762
1763,CS1763,T1763,E1763
1764,CS1764,T1764,E1764
1765,CS1765,T1765,E1765
1766,CS1766,T1766,E1766
1767,CS1767,T1767,E1767
1768,CS1768,T1768,E1768
1769,CS1769,T1769,E1769
1770,CS1770,T1770,E1770
1771,CS1771,T1771,E1771
1772,CS1772,T1772,E1772
1773,CS1773,T1773,E1773
1774,CS1774,T1774,E1774
1775,CS1775,T1775,E1775
1776,CS1776,T1776,E1776
1777,CS1777,T1777,E1777
1778,CS1778,T1778,E1778
1779,CS1779,T1779,E1779
1780,CS1780,T1780,E1780
1781,CS1781,T1781,E1781
1782,CS1782,T1782,E1782
1783,CS1783,T1783,E1783
1784,CS1784,T1784,E1784
1785,CS1785,T1785,E1785
1786,CS1786,T1786,E1786
1787,CS1787,T1787,E1787
1788,CS1788,T1788,E1788
1789,CS1789,T1789,E1789
1790,CS1790,T1790,E1790
1791,CS1791,T1791,E1791
1792,CS1792,T1792,E1792
1793,CS1793,T1793,E1793
1794,CS1794,T1794,E1794
1795,CS1795,T1795,E1795
1796,CS1796,T1796,E1796
1797,CS1797,T1797,E1797
1798,CS1798,T1798,E1798
1799,CS1799,T1799,E1799
1800,CS1800,T1800,E1800
1801,CS1801,T1801,E1801
1802,CS1802,T1802,E1802
1803,CS1803,T1803,E1803
1804,CS1804,T1804,E1804
1805,CS1805,T1805,E1805
1806,CS1806,T1806,E1806
1807,CS1807,T1807,E1807
1808,CS1808,T1808,E1808
1809,CS1809,T1809,E1809
1810,CS1810,T1810,E1810
1811,CS1811,T1811,E1811
1812,CS1812,T1812,E1812
1813,CS1813,T1813,E1813
1814,CS1814,T1814,E1814
1815,CS1815,T1815,E1815
1816,CS1816,T1816,E1816
1817,CS1817,T1817,E1817
1818,CS1818,T1818,E1818
1819,CS1819,T1819,E1819
1820,CS1820,T1820,E1820
1821,CS1821,T1821,E1821
1822,CS1822,T1822,E1822
1823,CS1823,T1823,E1823
1824,CS1824,T1824,E1824
1825,CS1825,T1825,E1825
1826,CS1826,T1826,E1826
1827,CS1827,T1827,E1827
1828,CS1828,T1828,E1828
1829,CS1829,T1829,E1829
1830,CS1830,T1830,E1830
1831,CS1831,T1831,E1831
1832,CS1832,T1832,E1832
1833,CS1833,T1833,E1833
1834,CS1834,T1834,E1834
1835,CS1835,T1835,E1835
1836,CS1836,T1836,E1836
1837,CS1837,T1837,E1837
1838,CS1838,T1838,E1838
1839,CS1839,T1839,E1839
1840,CS1840,T1840,E1840
1841,CS1841,T1841,E1841
1842,CS1842,T1842,E1842
1843,CS1843,T1843,E1843
1844,CS1844,T1844,E1844
1845,CS1845,T1845,E1845
1846,CS1846,T1846,E1846
1847,CS1847,T1847,E1847
1848,CS1848,T1848,E1848
1849,CS1849,T1849,E1849
1850,CS1850,T1850,E1850
1851,CS1851,T1851,E1851
1852,CS1852,T1852,E1852
1853,CS1853,T1853,E1853
1854,CS1854,T1854,E1854
1855,CS1855,T1855,E1855
1856,CS1856,T1856,E1856
1857,CS1857,T1857,E1857
1858,CS1858,T1858,E1858
1859,CS1859,T1859,E1859
1860,CS1860,T1860,E1860
1861,CS1861,T1861,E1861
1862,CS1862,T1862,E1862
1863,CS1863,T1863,E1863
1864,CS1864,T1864,E1864
1865,CS1865,T1865,E1865
1866,CS1866,T1866,E1866
1867,CS1867,T1867,E1867
1868,CS1868,T1868,E1868
1869,CS1869,T1869,E1869
1870,CS1870,T1870,E1870
1871,CS1871,T1871,E1871
1872,CS1872,T1872,E1872
1873,CS1873,T1873,E1873
1874,CS1874,T1874,E1874
1875,CS1875,T1875,E1875
1876,CS1876,T1876,E1876
1877,CS1877,T1877,E1877
1878,CS1878,T1878,E1878
1879,CS1879,T1879,E1879
1880,CS1880,T1880,E1880
1881,CS1881,T1881,E1881
1882,CS1882,T1882,E1882
1883,CS1883,T1883,E1883
1884,CS1884,T1884,E1884
1885,CS1885,T1885,E1885
1886,CS1886,T1886,E1886
1887,CS1887,T1887,E1887
1888,CS1888,T1888,E1888
1889,CS1889,T1889,E1889
1890,CS1890,T1890,E1890
1891,CS1891,T1891,E1891
1892,CS1892,T1892,E1892
1893,CS1893,T1893,E1893
1894,CS1894,T1894,E1894
1895,CS1895,T1895,E1895
1896,CS1896,T1896,E1896
1897,CS1897,T1897,E1897
1898,CS1898,T1898,E1898
1899,CS1899,T1899,E1899
1900,CS1900,T1900,E1900
1901,CS1901,T1901,E1901
1902,CS1902,T1902,E1902
1903,CS1903,T1903,E1903
1904,CS1904,T1904,E1904
1905,CS1905,T1905,E1905
1906,CS1906,T1906,E1906
1907,CS1907,T1907,E1907
1908,CS1908,T1908,E1908
1909,CS1909,T1909,E1909
1910,CS1910,T1910,E1910
1911,CS1911,T1911,E1911
1912,CS1912,T1912,E1912
1913,CS1913,T1913,E1913
1914,CS1914,T1914,E1914
1915,CS1915,T1915,E1915
1916,CS1916,T1916,E1916
1917,CS1917,T1917,E1917
1918,CS1918,T1918,E1918
1919,CS1919,T1919,E1919
1920,CS1920,T1920,E1920
1921,CS1921,T1921,E1921
1922,CS1922,T1922,E1922
1923,CS1923,T1923,E1923
1924,CS1924,T1924,E1924
1925,CS1925,T1925,E1925
1926,CS1926,T1926,E1926
1927,CS1927,T1927,E1927
1928,CS1928,T1928,E1928
1929,CS1929,T1929,E1929
1930,CS1930,T1930,E1930
1931,CS1931,T1931,E1931
1932,CS1932,T1932,E1932
1933,CS1933,T1933,E1933
1934,CS1934,T1934,E1934
1935,CS1935,T1935,E1935
1936,CS1936,T1936,E1936
1937,CS1937,T1937,E1937
1938,CS1938,T1938,E1938
1939,CS1939,T1939,E1939
1940,CS1940,T1940,E1940
1941,CS1941,T1941,E1941
1942,CS1942,T1942,E1942
1943,CS1943,T1943,E1943
1944,CS1944,T1944,E1944
1945,CS1945,T1945,E1945
1946,CS1946,T1946,E1946
1947,CS1947,T1947,E1947
1948,CS1948,T1948,E1948
1949,CS1949,T1949,E1949
1950,CS1950,T1950,E1950
1951,CS1951,T1951,E1951
1952,CS1952,T1952,E1952
1953,CS1953,T1953,E1953
1954,CS1954,T1954,E1954
1955,CS1955,T1955,E1955
1956,CS1956,T1956,E1956
1957,CS1957,T1957,E1957
1958,CS1958,T1958,E1958
1959,CS1959,T1959,E1959
1960,CS1960,T1960,E1960
1961,CS1961,T1961,E1961
1962,CS1962,T1962,E1962
1963,CS1963,T1963,E1963
1964,CS1964,T1964,E1964
1965,CS1965,T1965,E1965
1966,CS1966,T1966,E1966
1967,CS1967,T1967,E1967
1968,CS1968,T1968,E1968
1969,CS1969,T1969,E1969
1970,CS1970,T1970,E1970
1971,CS1971,T1971,E1971
1972,CS1972,T1972,E1972
1973,CS1973,T1973,E1973
1974,CS1974,T1974,E1974
1975,CS1975,T1975,E1975
1976,CS1976,T1976,E1976
1977,CS1977,T1977,E1977
1978,CS1978,T1978,E1978
1979,CS1979,T1979,E1979
1980,CS1980,T1980,E1980
1981,CS1981,T1981,E1981
1982,CS1982,T1982,E1982
1983,CS1983,T1983,E1983
1984,CS1984,T1984,E1984
1985,CS1985,T1985,E1985
1986,CS1986,T1986,E1986
1987,CS1987,T1987,E1987
1988,CS1988,T1988,E1988
1989,CS1989,T1989,E1989
1990,CS1990,T1990,E1990
1991,CS1991,T1991,E1991
1992,CS1992,T1992,E1992
1993,CS1993,T1993,E1993
1994,CS1994,T1994,E1994
1995,CS1995,T1995,E1995
1996,CS1996,T1996,E1996
1997,CS1997,T1997,E1997
1998,CS1998,T1998,E1998
1999,CS1999,T1999,E1999
2000,CS2000,T2000,E2000
2001,CS2001,T2001,E2001
2002,CS2002,T2002,E2002
2003,CS2003,T2003,E2003
2004,CS2004,T2004,E2004
2005,CS2005,T2005,E2005
2006,CS2006,T2006,E2006
2007,CS2007,T2007,E2007
2008,CS2008,T2008,E2008
2009,CS2009,T2009,E2009
2010,CS2010,T2010,E2010
2011,CS2011,T2011,E2011
2012,CS2012,T2012,E2012
2013,CS2013,T2013,E2013
2014,CS2014,T2014,E2014
2015,CS2015,T2015,E2015
2016,CS2016,T2016,E2016
2017,CS2017,T2017,E2017
2018,CS2018,T2018,E2018
2019,CS2019,T2019,E2019
2020,CS2020,T2020,E2020
2021,CS2021,T2021,E2021
2022,CS2022,T2022,E2022
2023,CS2023,T2023,E2023
2024,CS2024,T2024,E2024
2025,CS2025,T2025,E2025
2026,CS2026,T2026,E2026
2027,CS2027,T2027,E2027
2028,CS2028,T2028,E2028
2029,CS2029,T2029,E2029
2030,CS2030,T2030,E2030
2031,CS2031,T2031,E2031
2032,CS2032,T2032,E2032
2033,CS2033,T2033,E2033
2034,CS2034,T2034,E2034
2035,CS2035,T2035,E2035
2036,CS2036,T2036,E2036
2037,CS2037,T2037,E2037
2038,CS2038,T2038,E2038
2039,CS2039,T2039,E2039
2040,CS2040,T2040,E2040
2041,CS2041,T2041,E2041
2042,CS2042,T2042,E2042
2043,CS2043,T2043,E2043
2044,CS2044,T2044,E2044
2045,CS2045,T2045,E2045
2046,CS2046,T2046,E2046
2047,CS2047,T2047,E2047
2048,CS2048,T2048,E2048
2049,CS2049,T2049,E2049
2050,CS2050,T2050,E2050
2051,CS2051,T2051,E2051
2052,CS2052,T2052,E2052
2053,CS2053,T2053,E2053
2054,CS2054,T2054,E2054
2055,CS2055,T2055,E2055
2056,CS2056,T2056,E2056
2057,CS2057,T2057,E2057
2058,CS2058,T2058,E2058
2059,CS2059,T2059,E2059
2060,CS2060,T2060,E2060
2061,CS2061,T2061,E2061
2062,CS2062,T2062,E2062
2063,CS2063,T2063,E2063
2064,CS2064,T2064,E2064
2065,CS2065,T2065,E2065
2066,CS2066,T2066,E2066
2067,CS2067,T2067,E2067
2068,CS2068,T2068,E2068
2069,CS2069,T2069,E2069
2070,CS2070,T2070,E2070
2071,CS2071,T2071,E2071
2072,CS2072,T2072,E2072
2073,CS2073,T2073,E2073
2074,CS2074,T2074,E2074
2075,CS2075,T2075,E2075
2076,CS2076,T2076,E2076
2077,CS2077,T2077,E2077
2078,CS2078,T2078,E2078
2079,CS2079,T2079,E2079
2080,CS2080,T2080,E2080
2081,CS2081,T2081,E2081
2082,CS2082,T2082,E2082
2083,CS2083,T2083,E2083
2084,CS2084,T2084,E2084
2085,CS2085,T2085,E2085
2086,CS2086,T2086,E2086
2087,CS2087,T2087,E2087
2088,CS2088,T2088,E2088
2089,CS2089,T2089,E2089
2090,CS2090,T2090,E2090
2091,CS2091,T2091,E2091
2092,CS2092,T2092,E2092
2093,CS2093,T2093,E2093
2094,CS2094,T2094,E2094
2095,CS2095,T2095,E2095
2096,CS2096,T2096,E2096
2097,CS2097,T2097,E2097
2098,CS2098,T2098,E2098
2099,CS2099,T2099,E2099
2100,CS2100,T2100,E2100
2101,CS2101,T2101,E2101
2102,CS2102,T2102,E2102
2103,CS2103,T2103,E2103
