Tabla Normalizada Codigos ,,
CODIGO,Codigo TAXONOMICO,Taxonomia
1,CS1,T1
2,CS2,T2
3,CS3,T3
4,CS4,T4
5,CS5,T5
6,CS6,T6
7,CS7,T7
8,CS8,T8
9,CS9,T9
10,CS10,T10
11,CS11,T11
12,CS12,T12
13,CS13,T13
14,CS14,T14
15,CS15,T15
16,CS16,T16
17,CS17,T17
18,CS18,T18
19,CS19,T19
20,CS20,T20
21,CS21,T21
22,CS22,T22
23,CS23,T23
24,CS24,T24
25,CS25,T25
26,CS26,T26
27,CS27,T27
28,CS28,T28
29,CS29,T29
30,CS30,T30
31,CS31,T31
32,CS32,T32
33,CS33,T33
34,CS34,T34
35,CS35,T35
36,CS36,T36
37,CS37,T37
38,CS38,T38
39,CS39,T39
40,CS40,T40
41,CS41,T41
42,CS42,T42
43,CS43,T43
44,CS44,T44
45,CS45,T45
46,CS46,T46
47,CS47,T47
48,CS48,T48
49,CS49,T49
50,CS50,T50
51,CS51,T51
52,CS52,T52
53,CS53,T53
54,CS54,T54
55,CS55,T55
56,CS56,T56
57,CS57,T57
58,CS58,T58
59,CS59,T59
60,CS60,T60
61,CS61,T61
62,CS62,T62
63,CS63,T63
64,CS64,T64
65,CS65,T65
66,CS66,T66
67,CS67,T67
68,CS68,T68
69,CS69,T69
70,CS70,T70
71,CS71,T71
72,CS72,T72
73,CS73,T73
74,CS74,T74
75,CS75,T75
76,CS76,T76
77,CS77,T77
78,CS78,T78
79,CS79,T79
80,CS80,T80
81,CS81,T81
82,CS82,T82
83,CS83,T83
84,CS84,T84
85,CS85,T85
86,CS86,T86
87,CS87,T87
88,CS88,T88
89,CS89,T89
90,CS90,T90
91,CS91,T91
92,CS92,T92
93,CS93,T93
94,CS94,T94
95,CS95,T95
96,CS96,T96
97,CS97,T97
98,CS98,T98
99,CS99,T99
100,CS100,T100
101,CS101,T101
102,CS102,T102
103,CS103,T103
104,CS104,T104
105,CS105,T105
106,CS106,T106
107,CS107,T107
108,CS108,T108
109,CS109,T109
110,CS110,T110
111,CS111,T111
112,CS112,T112
113,CS113,T113
114,CS114,T114
115,CS115,T115
116,CS116,T116
117,CS117,T117
118,CS118,T118
119,CS119,T119
120,CS120,T120
121,CS121,T121
122,CS122,T122
123,CS123,T123
124,CS124,T124
125,CS125,T125
126,CS126,T126
127,CS127,T127
128,CS128,T128
129,CS129,T129
130,CS130,T130
131,CS131,T131
132,CS132,T132
133,CS133,T133
134,CS134,T134
135,CS135,T135
136,CS136,T136
137,CS137,T137
138,CS138,T138
139,CS139,T139
140,CS140,T140
141,CS141,T141
142,CS142,T142
143,CS143,T143
144,CS144,T144
145,CS145,T145
146,CS146,T146
147,CS147,T147
148,CS148,T148
149,CS149,T149
150,CS150,T150
151,CS151,T151
152,CS152,T152
153,CS153,T153
154,CS154,T154
155,CS155,T155
156,CS156,T156
157,CS157,T157
158,CS158,T158
159,CS159,T159
160,CS160,T160
161,CS161,T161
162,CS162,T162
163,CS163,T163
164,CS164,T164
165,CS165,T165
166,CS166,T166
167,CS167,T167
168,CS168,T168
169,CS169,T169
170,CS170,T170
171,CS171,T171
172,CS172,T172
173,CS173,T173
174,CS174,T174
175,CS175,T175
176,CS176,T176
177,CS177,T177
178,CS178,T178
179,CS179,T179
180,CS180,T180
181,CS181,T181
182,CS182,T182
183,CS183,T183
184,CS184,T184
185,CS185,T185
186,CS186,T186
187,CS187,T187
188,CS188,T188
189,CS189,T189
190,CS190,T190
191,CS191,T191
192,CS192,T192
193,CS193,T193
194,CS194,T194
195,CS195,T195
196,CS196,T196
197,CS197,T197
198,CS198,T198
199,CS199,T199
200,CS200,T200
201,CS201,T201
202,CS202,T202
203,CS203,T203
204,CS204,T204
205,CS205,T205
206,CS206,T206
207,CS207,T207
208,CS208,T208
209,CS209,T209
210,CS210,T210
211,CS211,T211
212,CS212,T212
213,CS213,T213
214,CS214,T214
215,CS215,T215
216,CS216,T216
217,CS217,T217
218,CS218,T218
219,CS219,T219
220,CS220,T220
221,CS221,T221
222,CS222,T222
223,CS223,T223
224,CS224,T224
225,CS225,T225
226,CS226,T226
227,CS227,T227
228,CS228,T228
229,CS229,T229
230,CS230,T230
231,CS231,T231
232,CS232,T232
233,CS233,T233
234,CS234,T234
235,CS235,T235
236,CS236,T236
237,CS237,T237
238,CS238,T238
239,CS239,T239
240,CS240,T240
241,CS241,T241
242,CS242,T242
243,CS243,T243
244,CS244,T244
245,CS245,T245
246,CS246,T246
247,CS247,T247
248,CS248,T248
249,CS249,T249
250,CS250,T250
251,CS251,T251
252,CS252,T252
253,CS253,T253
254,CS254,T254
255,CS255,T255
256,CS256,T256
257,CS257,T257
258,CS258,T258
259,CS259,T259
260,CS260,T260
261,CS261,T261
262,CS262,T262
263,CS263,T263
264,CS264,T264
265,CS265,T265
266,CS266,T266
267,CS267,T267
268,CS268,T268
269,CS269,T269
270,CS270,T270
271,CS271,T271
272,CS272,T272
273,CS273,T273
274,CS274,T274
275,CS275,T275
276,CS276,T276
277,CS277,T277
278,CS278,T278
279,CS279,T279
280,CS280,T280
281,CS281,T281
282,CS282,T282
283,CS283,T283
284,CS284,T284
285,CS285,T285
286,CS286,T286
287,CS287,T287
288,CS288,T288
289,CS289,T289
290,CS290,T290
291,CS291,T291
292,CS292,T292
293,CS293,T293
294,CS294,T294
295,CS295,T295
296,CS296,T296
297,CS297,T297
298,CS298,T298
299,CS299,T299
300,CS300,T300
301,CS301,T301
302,CS302,T302
303,CS303,T303
304,CS304,T304
305,CS305,T305
306,CS306,T306
307,CS307,T307
308,CS308,T308
309,CS309,T309
310,CS310,T310
311,CS311,T311
312,CS312,T312
313,CS313,T313
314,CS314,T314
315,CS315,T315
316,CS316,T316
317,CS317,T317
318,CS318,T318
319,CS319,T319
320,CS320,T320
321,CS321,T321
322,CS322,T322
323,CS323,T323
324,CS324,T324
325,CS325,T325
326,CS326,T326
327,CS327,T327
328,CS328,T328
329,CS329,T329
330,CS330,T330
331,CS331,T331
332,CS332,T332
333,CS333,T333
334,CS334,T334
335,CS335,T335
336,CS336,T336
337,CS337,T337
338,CS338,T338
339,CS339,T339
340,CS340,T340
341,CS341,T341
342,CS342,T342
343,CS343,T343
344,CS344,T344
345,CS345,T345
346,CS346,T346
347,CS347,T347
348,CS348,T348
349,CS349,T349
350,CS350,T350
351,CS351,T351
352,CS352,T352
353,CS353,T353
354,CS354,T354
355,CS355,T355
356,CS356,T356
357,CS357,T357
358,CS358,T358
359,CS359,T359
360,CS360,T360
361,CS361,T361
362,CS362,T362
363,CS363,T363
364,CS364,T364
365,CS365,T365
366,CS366,T366
367,CS367,T367
368,CS368,T368
369,CS369,T369
370,CS370,T370
371,CS371,T371
372,CS372,T372
373,CS373,T373
374,CS374,T374
375,CS375,T375
376,CS376,T376
377,CS377,T377
378,CS378,T378
379,CS379,T379
380,CS380,T380
381,CS381,T381
382,CS382,T382
383,CS383,T383
384,CS384,T384
385,CS385,T385
386,CS386,T386
387,CS387,T387
388,CS388,T388
389,CS389,T389
390,CS390,T390
391,CS391,T391
392,CS392,T392
393,CS393,T393
394,CS394,T394
395,CS395,T395
396,CS396,T396
397,CS397,T397
398,CS398,T398
399,CS399,T399
400,CS400,T400
401,CS401,T401
402,CS402,T402
403,CS403,T403
404,CS404,T404
405,CS405,T405
406,CS406,T406
407,CS407,T407
408,CS408,T408
409,CS409,T409
410,CS410,T410
411,CS411,T411
412,CS412,T412
413,CS413,T413
414,CS414,T414
415,CS415,T415
416,CS416,T416
417,CS417,T417
418,CS418,T418
419,CS419,T419
420,CS420,T420
421,CS421,T421
422,CS422,T422
423,CS423,T423
424,CS424,T424
425,CS425,T425
426,CS426,T426
427,CS427,T427
428,CS428,T428
429,CS429,T429
430,CS430,T430
431,CS431,T431
432,CS432,T432
433,CS433,T433
434,CS434,T434
435,CS435,T435
436,CS436,T436
437,CS437,T437
438,CS438,T438
439,CS439,T439
440,CS440,T440
441,CS441,T441
442,CS442,T442
443,CS443,T443
444,CS444,T444
445,CS445,T445
446,CS446,T446
447,CS447,T447
448,CS448,T448
449,CS449,T449
450,CS450,T450
451,CS451,T451
452,CS452,T452
453,CS453,T453
454,CS454,T454
455,CS455,T455
456,CS456,T456
457,CS457,T457
458,CS458,T458
459,CS459,T459
460,CS460,T460
461,CS461,T461
462,CS462,T462
463,CS463,T463
464,CS464,T464
465,CS465,T465
466,CS466,T466
467,CS467,T467
468,CS468,T468
469,CS469,T469
470,CS470,T470
471,CS471,T471
472,CS472,T472
473,CS473,T473
474,CS474,T474
475,CS475,T475
476,CS476,T476
477,CS477,T477
478,CS478,T478
479,CS479,T479
480,CS480,T480
481,CS481,T481
482,CS482,T482
483,CS483,T483
484,CS484,T484
485,CS485,T485
486,CS486,T486
487,CS487,T487
488,CS488,T488
489,CS489,T489
490,CS490,T490
491,CS491,T491
492,CS492,T492
493,CS493,T493
494,CS494,T494
495,CS495,T495
496,CS496,T496
497,CS497,T497
498,CS498,T498
499,CS499,T499
500,CS500,T500
501,CS501,T501
502,CS502,T502
503,CS503,T503
504,CS504,T504
505,CS505,T505
506,CS506,T506
507,CS507,T507
508,CS508,T508
509,CS509,T509
510,CS510,T510
511,CS511,T511
512,CS512,T512
513,CS513,T513
514,CS514,T514
515,CS515,T515
516,CS516,T516
517,CS517,T517
518,CS518,T518
519,CS519,T519
520,CS520,T520
521,CS521,T521
522,CS522,T522
523,CS523,T523
524,CS524,T524
525,CS525,T525
526,CS526,T526
527,CS527,T527
528,CS528,T528
529,CS529,T529
530,CS530,T530
531,CS531,T531
532,CS532,T532
533,CS533,T533
534,CS534,T534
535,CS535,T535
536,CS536,T536
537,CS537,T537
538,CS538,T538
539,CS539,T539
540,CS540,T540
541,CS541,T541
542,CS542,T542
543,CS543,T543
544,CS544,T544
545,CS545,T545
546,CS546,T546
547,CS547,T547
548,CS548,T548
549,CS549,T549
550,CS550,T550
551,CS551,T551
552,CS552,T552
553,CS553,T553
554,CS554,T554
555,CS555,T555
556,CS556,T556
557,CS557,T557
558,CS558,T558
559,CS559,T559
560,CS560,T560
561,CS561,T561
562,CS562,T562
563,CS563,T563
564,CS564,T564
565,CS565,T565
566,CS566,T566
567,CS567,T567
568,CS568,T568
569,CS569,T569
570,CS570,T570
571,CS571,T571
572,CS572,T572
573,CS573,T573
574,CS574,T574
575,CS575,T575
576,CS576,T576
577,CS577,T577
578,CS578,T578
579,CS579,T579
580,CS580,T580
581,CS581,T581
582,CS582,T582
583,CS583,T583
584,CS584,T584
585,CS585,T585
586,CS586,T586
587,CS587,T587
588,CS588,T588
589,CS589,T589
590,CS590,T590
591,CS591,T591
592,CS592,T592
593,CS593,T593
594,CS594,T594
595,CS595,T595
596,CS596,T596
597,CS597,T597
598,CS598,T598
599,CS599,T599
600,CS600,T600
601,CS601,T601
602,CS602,T602
603,CS603,T603
604,CS604,T604
605,CS605,T605
606,CS606,T606
607,CS607,T607
608,CS608,T608
609,CS609,T609
610,CS610,T610
611,CS611,T611
612,CS612,T612
613,CS613,T613
614,CS614,T614
615,CS615,T615
616,CS616,T616
617,CS617,T617
618,CS618,T618
619,CS619,T619
620,CS620,T620
621,CS621,T621
622,CS622,T622
623,CS623,T623
624,CS624,T624
625,CS625,T625
626,CS626,T626
627,CS627,T627
628,CS628,T628
629,CS629,T629
630,CS630,T630
631,CS631,T631
632,CS632,T632
633,CS633,T633
634,CS634,T634
635,CS635,T635
636,CS636,T636
637,CS637,T637
638,CS638,T638
639,CS639,T639
640,CS640,T640
641,CS641,T641
642,CS642,T642
643,CS643,T643
644,CS644,T644
645,CS645,T645
646,CS646,T646
647,CS647,T647
648,CS648,T648
649,CS649,T649
650,CS650,T650
651,CS651,T651
652,CS652,T652
653,CS653,T653
654,CS654,T654
655,CS655,T655
656,CS656,T656
657,CS657,T657
658,CS658,T658
659,CS659,T659
660,CS660,T660
661,CS661,T661
662,CS662,T662
663,CS663,T663
664,CS664,T664
665,CS665,T665
666,CS666,T666
667,CS667,T667
668,CS668,T668
669,CS669,T669
670,CS670,T670
671,CS671,T671
672,CS672,T672
673,CS673,T673
674,CS674,T674
675,CS675,T675
676,CS676,T676
677,CS677,T677
678,CS678,T678
679,CS679,T679
680,CS680,T680
681,CS681,T681
682,CS682,T682
683,CS683,T683
684,CS684,T684
685,CS685,T685
686,CS686,T686
687,CS687,T687
688,CS688,T688
689,CS689,T689
690,CS690,T690
691,CS691,T691
692,CS692,T692
693,CS693,T693
694,CS694,T694
695,CS695,T695
696,CS696,T696
697,CS697,T697
698,CS698,T698
699,CS699,T699
700,CS700,T700
701,CS701,T701
702,CS702,T702
703,CS703,T703
704,CS704,T704
705,CS705,T705
706,CS706,T706
707,CS707,T707
708,CS708,T708
709,CS709,T709
710,CS710,T710
711,CS711,T711
712,CS712,T712
713,CS713,T713
714,CS714,T714
715,CS715,T715
716,CS716,T716
717,CS717,T717
718,CS718,T718
719,CS719,T719
720,CS720,T720
721,CS721,T721
722,CS722,T722
723,CS723,T723
724,CS724,T724
725,CS725,T725
726,CS726,T726
727,CS727,T727
728,CS728,T728
729,CS729,T729
730,CS730,T730
731,CS731,T731
732,CS732,T732
733,CS733,T733
734,CS734,T734
735,CS735,T735
736,CS736,T736
737,CS737,T737
738,CS738,T738
739,CS739,T739
740,CS740,T740
741,CS741,T741
742,CS742,T742
743,CS743,T743
744,CS744,T744
745,CS745,T745
746,CS746,T746
747,CS747,T747
748,CS748,T748
749,CS749,T749
750,CS750,T750
751,CS751,T751
752,CS752,T752
753,CS753,T753
754,CS754,T754
755,CS755,T755
756,CS756,T756
757,CS757,T757
758,CS758,T758
759,CS759,T759
760,CS760,T760
761,CS761,T761
762,CS762,T762
763,CS763,T763
764,CS764,T764
765,CS765,T765
766,CS766,T766
767,CS767,T767
768,CS768,T768
769,CS769,T769
770,CS770,T770
771,CS771,T771
772,CS772,T772
773,CS773,T773
774,CS774,T774
775,CS775,T775
776,CS776,T776
777,CS777,T777
778,CS778,T778
779,CS779,T779
780,CS780,T780
781,CS781,T781
782,CS782,T782
783,CS783,T783
784,CS784,T784
785,CS785,T785
786,CS786,T786
787,CS787,T787
788,CS788,T788
789,CS789,T789
790,CS790,T790
791,CS791,T791
792,CS792,T792
793,CS793,T793
794,CS794,T794
795,CS795,T795
796,CS796,T796
797,CS797,T797
798,CS798,T798
799,CS799,T799
800,CS800,T800
801,CS801,T801
802,CS802,T802
803,CS803,T803
804,CS804,T804
805,CS805,T805
806,CS806,T806
807,CS807,T807
808,CS808,T808
809,CS809,T809
810,CS810,T810
811,CS811,T811
812,CS812,T812
813,CS813,T813
814,CS814,T814
815,CS815,T815
816,CS816,T816
817,CS817,T817
818,CS818,T818
819,CS819,T819
820,CS820,T820
821,CS821,T821
822,CS822,T822
823,CS823,T823
824,CS824,T824
825,CS825,T825
826,CS826,T826
827,CS827,T827
828,CS828,T828
829,CS829,T829
830,CS830,T830
831,CS831,T831
832,CS832,T832
833,CS833,T833
834,CS834,T834
835,CS835,T835
836,CS836,T836
837,CS837,T837
838,CS838,T838
839,CS839,T839
840,CS840,T840
841,CS841,T841
842,CS842,T842
843,CS843,T843
844,CS844,T844
845,CS845,T845
846,CS846,T846
847,CS847,T847
848,CS848,T848
849,CS849,T849
850,CS850,T850
851,CS851,T851
852,CS852,T852
853,CS853,T853
854,CS854,T854
855,CS855,T855
856,CS856,T856
857,CS857,T857
858,CS858,T858
859,CS859,T859
860,CS860,T860
861,CS861,T861
862,CS862,T862
863,CS863,T863
864,CS864,T864
865,CS865,T865
866,CS866,T866
867,CS867,T867
868,CS868,T868
869,CS869,T869
870,CS870,T870
871,CS871,T871
872,CS872,T872
873,CS873,T873
874,CS874,T874
875,CS875,T875
876,CS876,T876
877,CS877,T877
878,CS878,T878
879,CS879,T879
880,CS880,T880
881,CS881,T881
882,CS882,T882
883,CS883,T883
884,CS884,T884
885,CS885,T885
886,CS886,T886
887,CS887,T887
888,CS888,T888
889,CS889,T889
890,CS890,T890
891,CS891,T891
892,CS892,T892
893,CS893,T893
894,CS894,T894
895,CS895,T895
896,CS896,T896
897,CS897,T897
898,CS898,T898
899,CS899,T899
900,CS900,T900
901,CS901,T901
902,CS902,T902
903,CS903,T903
904,CS904,T904
905,CS905,T905
906,CS906,T906
907,CS907,T907
908,CS908,T908
909,CS909,T909
910,CS910,T910
911,CS911,T911
912,CS912,T912
913,CS913,T913
914,CS914,T914
915,CS915,T915
916,CS916,T916
917,CS917,T917
918,CS918,T918
919,CS919,T919
920,CS920,T920
921,CS921,T921
922,CS922,T922
923,CS923,T923
924,CS924,T924
925,CS925,T925
926,CS926,T926
927,CS927,T927
928,CS928,T928
929,CS929,T929
930,CS930,T930
931,CS931,T931
932,CS932,T932
933,CS933,T933
934,CS934,T934
935,CS935,T935
936,CS936,T936
937,CS937,T937
938,CS938,T938
939,CS939,T939
940,CS940,T940
941,CS941,T941
942,CS942,T942
943,CS943,T943
944,CS944,T944
945,CS945,T945
946,CS946,T946
947,CS947,T947
948,CS948,T948
949,CS949,T949
950,CS950,T950
951,CS951,T951
952,CS952,T952
953,CS953,T953
954,CS954,T954
955,CS955,T955
956,CS956,T956
957,CS957,T957
958,CS958,T958
959,CS959,T959
960,CS960,T960
961,CS961,T961
962,CS962,T962
963,CS963,T963
964,CS964,T964
965,CS965,T965
966,CS966,T966
967,CS967,T967
968,CS968,T968
969,CS969,T969
970,CS970,T970
971,CS971,T971
972,CS972,T972
973,CS973,T973
974,CS974,T974
975,CS975,T975
976,CS976,T976
977,CS977,T977
978,CS978,T978
979,CS979,T979
980,CS980,T980
981,CS981,T981
982,CS982,T982
983,CS983,T983
984,CS984,T984
985,CS985,T985
986,CS986,T986
987,CS987,T987
988,CS988,T988
989,CS989,T989
990,CS990,T990
991,CS991,T991
992,CS992,T992
993,CS993,T993
994,CS994,T994
995,CS995,T995
996,CS996,T996
997,CS997,T997
998,CS998,T998
999,CS999,T999
1000,CS1000,T1000
1001,CS1001,T1001
1002,CS1002,T1002
1003,CS1003,T1003
1004,CS1004,T1004
1005,CS1005,T1005
1006,CS1006,T1006
1007,CS1007,T1007
1008,CS1008,T1008
1009,CS1009,T1009
1010,CS1010,T1010
1011,CS1011,T1011
1012,CS1012,T1012
1013,CS1013,T1013
1014,CS1014,T1014
1015,CS1015,T1015
1016,CS1016,T1016
1017,CS1017,T1017
1018,CS1018,T1018
1019,CS1019,T1019
1020,CS1020,T1020
1021,CS1021,T1021
1022,CS1022,T1022
1023,CS1023,T1023
1024,CS1024,T1024
1025,CS1025,T1025
1026,CS1026,T1026
1027,CS1027,T1027
1028,CS1028,T1028
1029,CS1029,T1029
1030,CS1030,T1030
1031,CS1031,T1031
1032,CS1032,T1032
1033,CS1033,T1033
1034,CS1034,T1034
1035,CS1035,T1035
1036,CS1036,T1036
1037,CS1037,T1037
1038,CS1038,T1038
1039,CS1039,T1039
1040,CS1040,T1040
1041,CS1041,T1041
1042,CS1042,T1042
1043,CS1043,T1043
1044,CS1044,T1044
1045,CS1045,T1045
1046,CS1046,T1046
1047,CS1047,T1047
1048,CS1048,T1048
1049,CS1049,T1049
1050,CS1050,T1050
1051,CS1051,T1051
1052,CS1052,T1052
1053,CS1053,T1053
1054,CS1054,T1054
1055,CS1055,T1055
1056,CS1056,T1056
1057,CS1057,T1057
1058,CS1058,T1058
1059,CS1059,T1059
1060,CS1060,T1060
1061,CS1061,T1061
1062,CS1062,T1062
1063,CS1063,T1063
1064,CS1064,T1064
1065,CS1065,T1065
1066,CS1066,T1066
1067,CS1067,T1067
1068,CS1068,T1068
1069,CS1069,T1069
1070,CS1070,T1070
1071,CS1071,T1071
1072,CS1072,T1072
1073,CS1073,T1073
1074,CS1074,T1074
1075,CS1075,T1075
1076,CS1076,T1076
1077,CS1077,T1077
1078,CS1078,T1078
1079,CS1079,T1079
1080,CS1080,T1080
1081,CS1081,T1081
1082,CS1082,T1082
1083,CS1083,T1083
1084,CS1084,T1084
1085,CS1085,T1085
1086,CS1086,T1086
1087,CS1087,T1087
1088,CS1088,T1088
1089,CS1089,T1089
1090,CS1090,T1090
1091,CS1091,T1091
1092,CS1092,T1092
1093,CS1093,T1093
1094,CS1094,T1094
1095,CS1095,T1095
1096,CS1096,T1096
1097,CS1097,T1097
1098,CS1098,T1098
1099,CS1099,T1099
1100,CS1100,T1100
1101,CS1101,T1101
1102,CS1102,T1102
1103,CS1103,T1103
1104,CS1104,T1104
1105,CS1105,T1105
1106,CS1106,T1106
1107,CS1107,T1107
1108,CS1108,T1108
1109,CS1109,T1109
1110,CS1110,T1110
1111,CS1111,T1111
1112,CS1112,T1112
1113,CS1113,T1113
1114,CS1114,T1114
1115,CS1115,T1115
1116,CS1116,T1116
1117,CS1117,T1117
1118,CS1118,T1118
1119,CS1119,T1119
1120,CS1120,T1120
1121,CS1121,T1121
1122,CS1122,T1122
1123,CS1123,T1123
1124,CS1124,T1124
1125,CS1125,T1125
1126,CS1126,T1126
1127,CS1127,T1127
1128,CS1128,T1128
1129,CS1129,T1129
1130,CS1130,T1130
1131,CS1131,T1131
1132,CS1132,T1132
1133,CS1133,T1133
1134,CS1134,T1134
1135,CS1135,T1135
1136,CS1136,T1136
1137,CS1137,T1137
1138,CS1138,T1138
1139,CS1139,T1139
1140,CS1140,T1140
1141,CS1141,T1141
1142,CS1142,T1142
1143,CS1143,T1143
1144,CS1144,T1144
1145,CS1145,T1145
1146,CS1146,T1146
1147,CS1147,T1147
1148,CS1148,T1148
1149,CS1149,T1149
1150,CS1150,T1150
1151,CS1151,T1151
1152,CS1152,T1152
1153,CS1153,T1153
1154,CS1154,T1154
1155,CS1155,T1155
1156,CS1156,T1156
1157,CS1157,T1157
1158,CS1158,T1158
1159,CS1159,T1159
1160,CS1160,T1160
1161,CS1161,T1161
1162,CS1162,T1162
1163,CS1163,T1163
1164,CS1164,T1164
1165,CS1165,T1165
1166,CS1166,T1166
1167,CS1167,T1167
1168,CS1168,T1168
1169,CS1169,T1169
1170,CS1170,T1170
1171,CS1171,T1171
1172,CS1172,T1172
1173,CS1173,T1173
1174,CS1174,T1174
1175,CS1175,T1175
1176,CS1176,T1176
1177,CS1177,T1177
1178,CS1178,T1178
1179,CS1179,T1179
1180,CS1180,T1180
1181,CS1181,T1181
1182,CS1182,T1182
1183,CS1183,T1183
1184,CS1184,T1184
1185,CS1185,T1185
1186,CS1186,T1186
1187,CS1187,T1187
1188,CS1188,T1188
1189,CS1189,T1189
1190,CS1190,T1190
1191,CS1191,T1191
1192,CS1192,T1192
1193,CS1193,T1193
1194,CS1194,T1194
1195,CS1195,T1195
1196,CS1196,T1196
1197,CS1197,T1197
1198,CS1198,T1198
1199,CS1199,T1199
1200,CS1200,T1200
1201,CS1201,T1201
1202,CS1202,T1202
1203,CS1203,T1203
1204,CS1204,T1204
1205,CS1205,T1205
1206,CS1206,T1206
1207,CS1207,T1207
1208,CS1208,T1208
1209,CS1209,T1209
1210,CS1210,T1210
1211,CS1211,T1211
1212,CS1212,T1212
1213,CS1213,T1213
1214,CS1214,T1214
1215,CS1215,T1215
1216,CS1216,T1216
1217,CS1217,T1217
1218,CS1218,T1218
1219,CS1219,T1219
1220,CS1220,T1220
1221,CS1221,T1221
1222,CS1222,T1222
1223,CS1223,T1223
1224,CS1224,T1224
1225,CS1225,T1225
1226,CS1226,T1226
1227,CS1227,T1227
1228,CS1228,T1228
1229,CS1229,T1229
1230,CS1230,T1230
1231,CS1231,T1231
1232,CS1232,T1232
1233,CS1233,T1233
1234,CS1234,T1234
1235,CS1235,T1235
1236,CS1236,T1236
1237,CS1237,T1237
1238,CS1238,T1238
1239,CS1239,T1239
1240,CS1240,T1240
1241,CS1241,T1241
1242,CS1242,T1242
1243,CS1243,T1243
1244,CS1244,T1244
1245,CS1245,T1245
1246,CS1246,T1246
1247,CS1247,T1247
1248,CS1248,T1248
1249,CS1249,T1249
1250,CS1250,T1250
1251,CS1251,T1251
1252,CS1252,T1252
1253,CS1253,T1253
1254,CS1254,T1254
1255,CS1255,T1255
1256,CS1256,T1256
1257,CS1257,T1257
1258,CS1258,T1258
1259,CS1259,T1259
1260,CS1260,T1260
1261,CS1261,T1261
1262,CS1262,T1262
1263,CS1263,T1263
1264,CS1264,T1264
1265,CS1265,T1265
1266,CS1266,T1266
1267,CS1267,T1267
1268,CS1268,T1268
1269,CS1269,T1269
1270,CS1270,T1270
1271,CS1271,T1271
1272,CS1272,T1272
1273,CS1273,T1273
1274,CS1274,T1274
1275,CS1275,T1275
1276,CS1276,T1276
1277,CS1277,T1277
1278,CS1278,T1278
1279,CS1279,T1279
1280,CS1280,T1280
1281,CS1281,T1281
1282,CS1282,T1282
1283,CS1283,T1283
1284,CS1284,T1284
1285,CS1285,T1285
1286,CS1286,T1286
1287,CS1287,T1287
1288,CS1288,T1288
1289,CS1289,T1289
1290,CS1290,T1290
1291,CS1291,T1291
1292,CS1292,T1292
1293,CS1293,T1293
1294,CS1294,T1294
1295,CS1295,T1295
1296,CS1296,T1296
1297,CS1297,T1297
1298,CS1298,T1298
1299,CS1299,T1299
1300,CS1300,T1300
1301,CS1301,T1301
1302,CS1302,T1302
1303,CS1303,T1303
1304,CS1304,T1304
1305,CS1305,T1305
1306,CS1306,T1306
1307,CS1307,T1307
1308,CS1308,T1308
1309,CS1309,T1309
1310,CS1310,T1310
1311,CS1311,T1311
1312,CS1312,T1312
1313,CS1313,T1313
1314,CS1314,T1314
1315,CS1315,T1315
1316,CS1316,T1316
1317,CS1317,T1317
1318,CS1318,T1318
1319,CS1319,T1319
1320,CS1320,T1320
1321,CS1321,T1321
1322,CS1322,T1322
1323,CS1323,T1323
1324,CS1324,T1324
1325,CS1325,T1325
1326,CS1326,T1326
1327,CS1327,T1327
1328,CS1328,T1328
1329,CS1329,T1329
1330,CS1330,T1330
1331,CS1331,T1331
1332,CS1332,T1332
1333,CS1333,T1333
1334,CS1334,T1334
1335,CS1335,T1335
1336,CS1336,T1336
1337,CS1337,T1337
1338,CS1338,T1338
1339,CS1339,T1339
1340,CS1340,T1340
1341,CS1341,T1341
1342,CS1342,T1342
1343,CS1343,T1343
1344,CS1344,T1344
1345,CS1345,T1345
1346,CS1346,T1346
1347,CS1347,T1347
1348,CS1348,T1348
1349,CS1349,T1349
1350,CS1350,T1350
1351,CS1351,T1351
1352,CS1352,T1352
1353,CS1353,T1353
1354,CS1354,T1354
1355,CS1355,T1355
1356,CS1356,T1356
1357,CS1357,T1357
1358,CS1358,T1358
1359,CS1359,T1359
1360,CS1360,T1360
1361,CS1361,T1361
1362,CS1362,T1362
1363,CS1363,T1363
1364,CS1364,T1364
1365,CS1365,T1365
1366,CS1366,T1366
1367,CS1367,T1367
1368,CS1368,T1368
1369,CS1369,T1369
1370,CS1370,T1370
1371,CS1371,T1371
1372,CS1372,T1372
1373,CS1373,T1373
1374,CS1374,T1374
1375,CS1375,T1375
1376,CS1376,T1376
1377,CS1377,T1377
1378,CS1378,T1378
1379,CS1379,T1379
1380,CS1380,T1380
1381,CS1381,T1381
1382,CS1382,T1382
1383,CS1383,T1383
1384,CS1384,T1384
1385,CS1385,T1385
1386,CS1386,T1386
1387,CS1387,T1387
1388,CS1388,T1388
1389,CS1389,T1389
1390,CS1390,T1390
1391,CS1391,T1391
1392,CS1392,T1392
1393,CS1393,T1393
1394,CS1394,T1394
1395,CS1395,T1395
1396,CS1396,T1396
1397,CS1397,T1397
1398,CS1398,T1398
1399,CS1399,T1399
1400,CS1400,T1400
1401,CS1401,T1401
1402,CS1402,T1402
1403,CS1403,T1403
1404,CS1404,T1404
1405,CS1405,T1405
1406,CS1406,T1406
1407,CS1407,T1407
1408,CS1408,T1408
1409,CS1409,T1409
1410,CS1410,T1410
1411,CS1411,T1411
1412,CS1412,T1412
1413,CS1413,T1413
1414,CS1414,T1414
1415,CS1415,T1415
1416,CS1416,T1416
1417,CS1417,T1417
1418,CS1418,T1418
1419,CS1419,T1419
1420,CS1420,T1420
1421,CS1421,T1421
1422,CS1422,T1422
1423,CS1423,T1423
1424,CS1424,T1424
1425,CS1425,T1425
1426,CS1426,T1426
1427,CS1427,T1427
1428,CS1428,T1428
1429,CS1429,T1429
1430,CS1430,T1430
1431,CS1431,T1431
1432,CS1432,T1432
1433,CS1433,T1433
1434,CS1434,T1434
1435,CS1435,T1435
1436,CS1436,T1436
1437,CS1437,T1437
1438,CS1438,T1438
1439,CS1439,T1439
1440,CS1440,T1440
1441,CS1441,T1441
1442,CS1442,T1442
1443,CS1443,T1443
1444,CS1444,T1444
1445,CS1445,T1445
1446,CS1446,T1446
1447,CS1447,T1447
1448,CS1448,T1448
1449,CS1449,T1449
1450,CS1450,T1450
1451,CS1451,T1451
1452,CS1452,T1452
1453,CS1453,T1453
1454,CS1454,T1454
1455,CS1455,T1455
1456,CS1456,T1456
1457,CS1457,T1457
1458,CS1458,T1458
1459,CS1459,T1459
1460,CS1460,T1460
1461,CS1461,T1461
1462,CS1462,T1462
1463,CS1463,T1463
1464,CS1464,T1464
1465,CS1465,T1465
1466,CS1466,T1466
1467,CS1467,T1467
1468,CS1468,T1468
1469,CS1469,T1469
1470,CS1470,T1470
1471,CS1471,T1471
1472,CS1472,T1472
1473,CS1473,T1473
1474,CS1474,T1474
1475,CS1475,T1475
1476,CS1476,T1476
1477,CS1477,T1477
1478,CS1478,T1478
1479,CS1479,T1479
1480,CS1480,T1480
1481,CS1481,T1481
1482,CS1482,T1482
1483,CS1483,T1483
1484,CS1484,T1484
1485,CS1485,T1485
1486,CS1486,T1486
1487,CS1487,T1487
1488,CS1488,T1488
1489,CS1489,T1489
1490,CS1490,T1490
1491,CS1491,T1491
1492,CS1492,T1492
1493,CS1493,T1493
1494,CS1494,T1494
1495,CS1495,T1495
1496,CS1496,T1496
1497,CS1497,T1497
1498,CS1498,T1498
1499,CS1499,T1499
1500,CS1500,T1500
1501,CS1501,T1501
1502,CS1502,T1502
1503,CS1503,T1503
1504,CS1504,T1504
1505,CS1505,T1505
1506,CS1506,T1506
1507,CS1507,T1507
1508,CS1508,T1508
1509,CS1509,T1509
1510,CS1510,T1510
1511,CS1511,T1511
1512,CS1512,T1512
1513,CS1513,T1513
1514,CS1514,T1514
1515,CS1515,T1515
1516,CS1516,T1516
1517,CS1517,T1517
1518,CS1518,T1518
1519,CS1519,T1519
1520,CS1520,T1520
1521,CS1521,T1521
1522,CS1522,T1522
1523,CS1523,T1523
1524,CS1524,T1524
1525,CS1525,T1525
1526,CS1526,T1526
1527,CS1527,T1527
1528,CS1528,T1528
1529,CS1529,T1529
1530,CS1530,T1530
1531,CS1531,T1531
1532,CS1532,T1532
1533,CS1533,T1533
1534,CS1534,T1534
1535,CS1535,T1535
1536,CS1536,T1536
1537,CS1537,T1537
1538,CS1538,T1538
1539,CS1539,T1539
1540,CS1540,T1540
1541,CS1541,T1541
1542,CS1542,T1542
1543,CS1543,T1543
1544,CS1544,T1544
1545,CS1545,T1545
1546,CS1546,T1546
1547,CS1547,T1547
1548,CS1548,T1548
1549,CS1549,T1549
1550,CS1550,T1550
1551,CS1551,T1551
1552,CS1552,T1552
1553,CS1553,T1553
1554,CS1554,T1554
1555,CS1555,T1555
1556,CS1556,T1556
1557,CS1557,T1557
1558,CS1558,T1558
1559,CS1559,T1559
1560,CS1560,T1560
1561,CS1561,T1561
1562,CS1562,T1562
1563,CS1563,T1563
1564,CS1564,T1564
1565,CS1565,T1565
1566,CS1566,T1566
1567,CS1567,T1567
1568,CS1568,T1568
1569,CS1569,T1569
1570,CS1570,T1570
1571,CS1571,T1571
1572,CS1572,T1572
1573,CS1573,T1573
1574,CS1574,T1574
1575,CS1575,T1575
1576,CS1576,T1576
1577,CS1577,T1577
1578,CS1578,T1578
1579,CS1579,T1579
1580,CS1580,T1580
1581,CS1581,T1581
1582,CS1582,T1582
1583,CS1583,T1583
1584,CS1584,T1584
1585,CS1585,T1585
1586,CS1586,T1586
1587,CS1587,T1587
1588,CS1588,T1588
1589,CS1589,T1589
1590,CS1590,T1590
1591,CS1591,T1591
1592,CS1592,T1592
1593,CS1593,T1593
1594,CS1594,T1594
1595,CS1595,T1595
1596,CS1596,T1596
1597,CS1597,T1597
1598,CS1598,T1598
1599,CS1599,T1599
1600,CS1600,T1600
1601,CS1601,T1601
1602,CS1602,T1602
1603,CS1603,T1603
1604,CS1604,T1604
1605,CS1605,T1605
1606,CS1606,T1606
1607,CS1607,T1607
1608,CS1608,T1608
1609,CS1609,T1609
1610,CS1610,T1610
1611,CS1611,T1611
1612,CS1612,T1612
1613,CS1613,T1613
1614,CS1614,T1614
1615,CS1615,T1615
1616,CS1616,T1616
1617,CS1617,T1617
1618,CS1618,T1618
1619,CS1619,T1619
1620,CS1620,T1620
1621,CS1621,T1621
1622,CS1622,T1622
1623,CS1623,T1623
1624,CS1624,T1624
1625,CS1625,T1625
1626,CS1626,T1626
1627,CS1627,T1627
1628,CS1628,T1628
1629,CS1629,T1629
1630,CS1630,T1630
1631,CS1631,T1631
1632,CS1632,T1632
1633,CS1633,T1633
1634,CS1634,T1634
1635,CS1635,T1635
1636,CS1636,T1636
1637,CS1637,T1637
1638,CS1638,T1638
1639,CS1639,T1639
1640,CS1640,T1640
1641,CS1641,T1641
1642,CS1642,T1642
1643,CS1643,T1643
1644,CS1644,T1644
1645,CS1645,T1645
1646,CS1646,T1646
1647,CS1647,T1647
1648,CS1648,T1648
1649,CS1649,T1649
1650,CS1650,T1650
1651,CS1651,T1651
1652,CS1652,T1652
1653,CS1653,T1653
1654,CS1654,T1654
1655,CS1655,T1655
1656,CS1656,T1656
1657,CS1657,T1657
1658,CS1658,T1658
1659,CS1659,T1659
1660,CS1660,T1660
1661,CS1661,T1661
1662,CS1662,T1662
1663,CS1663,T1663
1664,CS1664,T1664
1665,CS1665,T1665
1666,CS1666,T1666
1667,CS1667,T1667
1668,CS1668,T1668
1669,CS1669,T1669
1670,CS1670,T1670
1671,CS1671,T1671
1672,CS1672,T1672
1673,CS1673,T1673
1674,CS1674,T1674
1675,CS1675,T1675
1676,CS1676,T1676
1677,CS1677,T1677
1678,CS1678,T1678
1679,CS1679,T1679
1680,CS1680,T1680
1681,CS1681,T1681
1682,CS1682,T1682
1683,CS1683,T1683
1684,CS1684,T1684
1685,CS1685,T1685
1686,CS1686,T1686
1687,CS1687,T1687
1688,CS1688,T1688
1689,CS1689,T1689
1690,CS1690,T1690
1691,CS1691,T1691
1692,CS1692,T1692
1693,CS1693,T1693
1694,CS1694,T1694
1695,CS1695,T1695
1696,CS1696,T1696
1697,CS1697,T1697
1698,CS1698,T1698
1699,CS1699,T1699
1700,CS1700,T1700
1701,CS1701,T1701
1702,CS1702,T1702
1703,CS1703,T1703
1704,CS1704,T1704
1705,CS1705,T1705
1706,CS1706,T1706
1707,CS1707,T1707
1708,CS1708,T1708
1709,CS1709,T1709
1710,CS1710,T1710
1711,CS1711,T1711
1712,CS1712,T1712
1713,CS1713,T1713
1714,CS1714,T1714
1715,CS1715,T1715
1716,CS1716,T1716
1717,CS1717,T1717
1718,CS1718,T1718
1719,CS1719,T1719
1720,CS1720,T1720
1721,CS1721,T1721
1722,CS1722,T1722
1723,CS1723,T1723
1724,CS1724,T1724
1725,CS1725,T1725
1726,CS1726,T1726
1727,CS1727,T1727
1728,CS1728,T1728
1729,CS1729,T1729
1730,CS1730,T1730
1731,CS1731,T1731
1732,CS1732,T1732
1733,CS1733,T1733
1734,CS1734,T1734
1735,CS1735,T1735
1736,CS1736,T1736
1737,CS1737,T1737
1738,CS1738,T1738
1739,CS1739,T1739
1740,CS1740,T1740
1741,CS1741,T1741
1742,CS1742,T1742
1743,CS1743,T1743
1744,CS1744,T1744
1745,CS1745,T1745
1746,CS1746,T1746
1747,CS1747,T1747
1748,CS1748,T1748
1749,CS1749,T1749
1750,CS1750,T1750
1751,CS1751,T1751
1752,CS1752,T1752
1753,CS1753,T1753
1754,CS1754,T1754
1755,CS1755,T1755
1756,CS1756,T1756
1757,CS1757,T1757
1758,CS1758,T1758
1759,CS1759,T1759
1760,CS1760,T1760
1761,CS1761,T1761
1762,CS1762,T1762
1763,CS1763,T1763
1764,CS1764,T1764
1765,CS1765,T1765
1766,CS1766,T1766
1767,CS1767,T1767
1768,CS1768,T1768
1769,CS1769,T1769
1770,CS1770,T1770
1771,CS1771,T1771
1772,CS1772,T1772
1773,CS1773,T1773
1774,CS1774,T1774
1775,CS1775,T1775
1776,CS1776,T1776
1777,CS1777,T1777
1778,CS1778,T1778
1779,CS1779,T1779
1780,CS1780,T1780
1781,CS1781,T1781
1782,CS1782,T1782
1783,CS1783,T1783
1784,CS1784,T1784
1785,CS1785,T1785
1786,CS1786,T1786
1787,CS1787,T1787
1788,CS1788,T1788
1789,CS1789,T1789
1790,CS1790,T1790
1791,CS1791,T1791
1792,CS1792,T1792
1793,CS1793,T1793
1794,CS1794,T1794
1795,CS1795,T1795
1796,CS1796,T1796
1797,CS1797,T1797
1798,CS1798,T1798
1799,CS1799,T1799
1800,CS1800,T1800
1801,CS1801,T1801
1802,CS1802,T1802
1803,CS1803,T1803
1804,CS1804,T1804
1805,CS1805,T1805
1806,CS1806,T1806
1807,CS1807,T1807
1808,CS1808,T1808
1809,CS1809,T1809
1810,CS1810,T1810
1811,CS1811,T1811
1812,CS1812,T1812
1813,CS1813,T1813
1814,CS1814,T1814
1815,CS1815,T1815
1816,CS1816,T1816
1817,CS1817,T1817
1818,CS1818,T1818
1819,CS1819,T1819
1820,CS1820,T1820
1821,CS1821,T1821
1822,CS1822,T1822
1823,CS1823,T1823
1824,CS1824,T1824
1825,CS1825,T1825
1826,CS1826,T1826
1827,CS1827,T1827
1828,CS1828,T1828
1829,CS1829,T1829
1830,CS1830,T1830
1831,CS1831,T1831
1832,CS1832,T1832
1833,CS1833,T1833
1834,CS1834,T1834
1835,CS1835,T1835
1836,CS1836,T1836
1837,CS1837,T1837
1838,CS1838,T1838
1839,CS1839,T1839
1840,CS1840,T1840
1841,CS1841,T1841
1842,CS1842,T1842
1843,CS1843,T1843
1844,CS1844,T1844
1845,CS1845,T1845
1846,CS1846,T1846
1847,CS1847,T1847
1848,CS1848,T1848
1849,CS1849,T1849
1850,CS1850,T1850
1851,CS1851,T1851
1852,CS1852,T1852
1853,CS1853,T1853
1854,CS1854,T1854
1855,CS1855,T1855
1856,CS1856,T1856
1857,CS1857,T1857
1858,CS1858,T1858
1859,CS1859,T1859
1860,CS1860,T1860
1861,CS1861,T1861
1862,CS1862,T1862
1863,CS1863,T1863
1864,CS1864,T1864
1865,CS1865,T1865
1866,CS1866,T1866
1867,CS1867,T1867
1868,CS1868,T1868
1869,CS1869,T1869
1870,CS1870,T1870
1871,CS1871,T1871
1872,CS1872,T1872
1873,CS1873,T1873
1874,CS1874,T1874
1875,CS1875,T1875
1876,CS1876,T1876
1877,CS1877,T1877
1878,CS1878,T1878
1879,CS1879,T1879
1880,CS1880,T1880
1881,CS1881,T1881
1882,CS1882,T1882
1883,CS1883,T1883
1884,CS1884,T1884
1885,CS1885,T1885
1886,CS1886,T1886
1887,CS1887,T1887
1888,CS1888,T1888
1889,CS1889,T1889
1890,CS1890,T1890
1891,CS1891,T1891
1892,CS1892,T1892
1893,CS1893,T1893
1894,CS1894,T1894
1895,CS1895,T1895
1896,CS1896,T1896
1897,CS1897,T1897
1898,CS1898,T1898
1899,CS1899,T1899
1900,CS1900,T1900
1901,CS1901,T1901
1902,CS1902,T1902
1903,CS1903,T1903
1904,CS1904,T1904
1905,CS1905,T1905
1906,CS1906,T1906
1907,CS1907,T1907
1908,CS1908,T1908
1909,CS1909,T1909
1910,CS1910,T1910
1911,CS1911,T1911
1912,CS1912,T1912
1913,CS1913,T1913
1914,CS1914,T1914
1915,CS1915,T1915
1916,CS1916,T1916
1917,CS1917,T1917
1918,CS1918,T1918
1919,CS1919,T1919
1920,CS1920,T1920
1921,CS1921,T1921
1922,CS1922,T1922
1923,CS1923,T1923
1924,CS1924,T1924
1925,CS1925,T1925
1926,CS1926,T1926
1927,CS1927,T1927
1928,CS1928,T1928
1929,CS1929,T1929
1930,CS1930,T1930
1931,CS1931,T1931
1932,CS1932,T1932
1933,CS1933,T1933
1934,CS1934,T1934
1935,CS1935,T1935
1936,CS1936,T1936
1937,CS1937,T1937
1938,CS1938,T1938
1939,CS1939,T1939
1940,CS1940,T1940
1941,CS1941,T1941
1942,CS1942,T1942
1943,CS1943,T1943
1944,CS1944,T1944
1945,CS1945,T1945
1946,CS1946,T1946
1947,CS1947,T1947
1948,CS1948,T1948
1949,CS1949,T1949
1950,CS1950,T1950
1951,CS1951,T1951
1952,CS1952,T1952
1953,CS1953,T1953
1954,CS1954,T1954
1955,CS1955,T1955
1956,CS1956,T1956
1957,CS1957,T1957
1958,CS1958,T1958
1959,CS1959,T1959
1960,CS1960,T1960
1961,CS1961,T1961
1962,CS1962,T1962
1963,CS1963,T1963
1964,CS1964,T1964
1965,CS1965,T1965
1966,CS1966,T1966
1967,CS1967,T1967
1968,CS1968,T1968
1969,CS1969,T1969
1970,CS1970,T1970
1971,CS1971,T1971
1972,CS1972,T1972
1973,CS1973,T1973
1974,CS1974,T1974
1975,CS1975,T1975
1976,CS1976,T1976
1977,CS1977,T1977
1978,CS1978,T1978
1979,CS1979,T1979
1980,CS1980,T1980
1981,CS1981,T1981
1982,CS1982,T1982
1983,CS1983,T1983
1984,CS1984,T1984
1985,CS1985,T1985
1986,CS1986,T1986
1987,CS1987,T1987
1988,CS1988,T1988
1989,CS1989,T1989
1990,CS1990,T1990
1991,CS1991,T1991
1992,CS1992,T1992
1993,CS1993,T1993
1994,CS1994,T1994
1995,CS1995,T1995
1996,CS1996,T1996
1997,CS1997,T1997
1998,CS1998,T1998
1999,CS1999,T1999
2000,CS2000,T2000
2001,CS2001,T2001
2002,CS2002,T2002
2003,CS2003,T2003
2004,CS2004,T2004
2005,CS2005,T2005
2006,CS2006,T2006
2007,CS2007,T2007
2008,CS2008,T2008
2009,CS2009,T2009
2010,CS2010,T2010
2011,CS2011,T2011
2012,CS2012,T2012
2013,CS2013,T2013
2014,CS2014,T2014
2015,CS2015,T2015
2016,CS2016,T2016
2017,CS2017,T2017
2018,CS2018,T2018
2019,CS2019,T2019
2020,CS2020,T2020
2021,CS2021,T2021
2022,CS2022,T2022
2023,CS2023,T2023
2024,CS2024,T2024
2025,CS2025,T2025
2026,CS2026,T2026
2027,CS2027,T2027
2028,CS2028,T2028
2029,CS2029,T2029
2030,CS2030,T2030
2031,CS2031,T2031
2032,CS2032,T2032
2033,CS2033,T2033
2034,CS2034,T2034
2035,CS2035,T2035
2036,CS2036,T2036
2037,CS2037,T2037
2038,CS2038,T2038
2039,CS2039,T2039
2040,CS2040,T2040
2041,CS2041,T2041
2042,CS2042,T2042
2043,CS2043,T2043
2044,CS2044,T2044
2045,CS2045,T2045
2046,CS2046,T2046
2047,CS2047,T2047
2048,CS2048,T2048
2049,CS2049,T2049
2050,CS2050,T2050
2051,CS2051,T2051
2052,CS2052,T2052
2053,CS2053,T2053
2054,CS2054,T2054
2055,CS2055,T2055
2056,CS2056,T2056
2057,CS2057,T2057
2058,CS2058,T2058
2059,CS2059,T2059
2060,CS2060,T2060
2061,CS2061,T2061
2062,CS2062,T2062
2063,CS2063,T2063
2064,CS2064,T2064
2065,CS2065,T2065
2066,CS2066,T2066
2067,CS2067,T2067
2068,CS2068,T2068
2069,CS2069,T2069
2070,CS2070,T2070
2071,CS2071,T2071
2072,CS2072,T2072
2073,CS2073,T2073
2074,CS2074,T2074
2075,CS2075,T2075
2076,CS2076,T2076
2077,CS2077,T2077
2078,CS2078,T2078
2079,CS2079,T2079
2080,CS2080,T2080
2081,CS2081,T2081
2082,CS2082,T2082
2083,CS2083,T2083
2084,CS2084,T2084
2085,CS2085,T2085
2086,CS2086,T2086
2087,CS2087,T2087
2088,CS2088,T2088
2089,CS2089,T2089
2090,CS2090,T2090
2091,CS2091,T2091
2092,CS2092,T2092
2093,CS2093,T2093
2094,CS2094,T2094
2095,CS2095,T2095
2096,CS2096,T2096
2097,CS2097,T2097
2098,CS2098,T2098
2099,CS2099,T2099
2100,CS2100,T2100
2101,CS2101,T2101
2102,CS2102,T2102
2103,CS2103,T2103
